,idtramo,transito (vh/h),des_tramo,coordinates,color
0,A132,1,ISABEL LA CATOLICA,"[[-0.37117061300000004, 39.4697261547], [-0.3691709146, 39.4668788802]]","(0, 255, 0)"
1,A180,1,PAZ,"[[-0.3742130222, 39.4735374603], [-0.37562348700000003, 39.4738221987]]","(0, 255, 0)"
2,B46,1,FUENTE ENCARROZ,"[[-0.3267270894, 39.4813462322], [-0.3257261132, 39.4813231995]]","(0, 255, 0)"
3,A302,1,"Mª CRISTINA, AVDA.","[[-0.3768526045, 39.4721780708], [-0.3777732981, 39.4734000013], [-0.37850581980000003, 39.4740600896]]","(0, 255, 0)"
4,A222,169,SAGUNTO De Santa Mónica a Maximiliano Thous,"[[-0.37504762350000004, 39.4815324969], [-0.3749635438, 39.4838410704], [-0.3745269607, 39.4853467354], [-0.3753901314, 39.4879399163]]","(0, 255, 0)"
5,B47,1,FUERTEVENTURA,"[[-0.32864910010000004, 39.4814250274], [-0.3280559547, 39.4813759496]]","(0, 255, 0)"
6,A113,1,GENERAL GIL DOLZ,"[[-0.3630235093, 39.471684418], [-0.3600831387, 39.4730431078]]","(0, 255, 0)"
7,A171,1,PADRE FERRIS,"[[-0.3860021279, 39.4847080792], [-0.38400246330000004, 39.481864371], [-0.3839265973, 39.4817635573]]","(0, 255, 0)"
8,B29,1,CUENCA TRAMOYERES,"[[-0.3608469924, 39.4843748995], [-0.3609067657, 39.4841626774], [-0.3607318432, 39.4829265585], [-0.3611529875, 39.4826185824]]","(0, 255, 0)"
9,A1,1,ACCESO BARCELONA Entre V-21 y Ronda Norte,"[[-0.3492140433, 39.4828284492], [-0.337522211, 39.4907250359]]","(0, 255, 0)"
10,A10,1980,"ALAMEDA, PASEO DE","[[-0.3679919262, 39.477154079499996], [-0.36715123390000004, 39.4767767019], [-0.364690726, 39.4737413393]]","(255, 165, 0)"
11,A102,270,ERNESTO FERRER,"[[-0.3543783854, 39.4714782665], [-0.3574880295, 39.4723863484]]","(0, 255, 0)"
12,A104,669,EUGENIA VIÑES,"[[-0.3251811468, 39.467415777], [-0.3249529399, 39.4654174418], [-0.32501813430000004, 39.4624498083]]","(255, 165, 0)"
13,A105,1337,FILIPINAS,"[[-0.37574658050000004, 39.4569276904], [-0.3787242564, 39.4611671847]]","(255, 165, 0)"
14,A106,390,FONTANARES,"[[-0.3972920607, 39.4627940458], [-0.3903182981, 39.4564941684]]","(0, 255, 0)"
15,A107,378,"FRANCIA, AVDA.","[[-0.357084265, 39.46135921], [-0.3438202247, 39.4585580142]]","(0, 255, 0)"
16,A108,259,GASCO OLIAG,"[[-0.3569434318, 39.4795011111], [-0.3581480566, 39.477023492]]","(0, 255, 0)"
17,A109,1069,GASPAR AGUILAR,"[[-0.3962249769, 39.4475947018], [-0.3903182981, 39.4564941684]]","(255, 165, 0)"
18,A11,540,"ALAMEDA, PROLONGACION","[[-0.35359942, 39.4599808332], [-0.34785339590000003, 39.4559830305]]","(255, 165, 0)"
19,A110,544,GASPAR AGUILAR,"[[-0.3903182981, 39.4564941684], [-0.3882709143, 39.4595783046]]","(255, 165, 0)"
20,A122,3481,GRAN VIA RAMON Y CAJAL,"[[-0.3815792958, 39.4655001451], [-0.3850318051, 39.4703385614]]","(255, 0, 0)"
21,A122,3481,GRAN VIA RAMON Y CAJAL,"[[-0.33582405930000003, 39.4609951814], [-0.33516924940000004, 39.4634592411]]","(255, 0, 0)"
22,A123,1,GUADALAVIAR,"[[-0.37497372570000004, 39.481482009], [-0.375546207, 39.4818732008], [-0.3772554853, 39.4827803656], [-0.3804185466, 39.4829822613]]","(0, 255, 0)"
23,A124,1098,GUILLEM DE CASTRO,"[[-0.38341917070000003, 39.4703958195], [-0.3839738905, 39.4719298775], [-0.3839269357, 39.4736988524], [-0.3841499862, 39.4756771706]]","(255, 165, 0)"
24,A127,972,GUILLEM DE CASTRO,"[[-0.3841499862, 39.4756771706], [-0.3836847921, 39.4782342058], [-0.3829174152, 39.4804224864]]","(255, 165, 0)"
25,A128,1638,GUILLEM DE CASTRO,"[[-0.38341917070000003, 39.4703958195], [-0.3812294745, 39.4687058307], [-0.3797992995, 39.4682360543]]","(255, 165, 0)"
26,A136,2394,JACINTO BENAVENTE,"[[-0.3641680839, 39.4689894357], [-0.36135061560000004, 39.4644423949], [-0.36086970700000004, 39.463204911]]","(255, 0, 0)"
27,A137,461,JAIME BELTRAN,"[[-0.38684540710000004, 39.4591203153], [-0.38690272680000004, 39.4579005297], [-0.3869059767, 39.4578537389], [-0.3869113139, 39.457807067], [-0.3869187365, 39.4577605682], [-0.3869282425, 39.4577142963], [-0.38693980650000004, 39.457668305], [-0.386953415, 39.457622648], [-0.3869690652, 39.4575773971], [-0.3869867327, 39.4575325881], [-0.38700639200000003, 39.4574882742], [-0.38702801740000004, 39.4574445271], [-0.38705159580000004, 39.4574013824], [-0.38707707890000004, 39.4573588931], [-0.3871044641, 39.4573171222], [-0.3871336922, 39.4572761045], [-0.3871647375, 39.4572359024], [-0.3871975635, 39.45719656], [-0.3872321221, 39.4571581215], [-0.38726839960000004, 39.4571206405], [-0.3873063135, 39.4570841513], [-0.38734585, 39.4570487074], [-0.38738693830000004, 39.4570143435], [-0.3874295413, 39.4569811127], [-0.3874736117, 39.4569490409], [-0.3875190781, 39.4569181717], [-0.3875659037, 39.4568885582], [-0.3876140301, 39.4568602081], [-0.3876633974, 39.4568331652], [-0.38771394610000004, 39.4568074731], [-0.3877656054, 39.4567831572], [-0.3878183281, 39.4567602346], [-0.387872043, 39.4567387486], [-0.38792667940000003, 39.4567187247], [-0.3879821901, 39.4567001799], [-0.38803848160000004, 39.4566831301], [-0.3880955177, 39.4566676104], [-0.3881532049, 39.4566536368], [-0.3882114847, 39.4566412171], [-0.3882702865, 39.4566303766], [-0.3883295403, 39.4566211227], [-0.388389176, 39.456613463], [-0.3884491118, 39.4566074135], [-0.3885092777, 39.4566029818], [-0.3903182981, 39.4564941684]]","(0, 255, 0)"
28,A138,234,JAIME ROIG,"[[-0.3627839432, 39.4838263067], [-0.36514525330000003, 39.4790662461]]","(0, 255, 0)"
29,A139,858,JESUS,"[[-0.3867434936, 39.4623279576], [-0.3826743034, 39.4670347962]]","(255, 165, 0)"
30,A14,624,ALBORAIA,"[[-0.3721257041, 39.479701032], [-0.3711451991, 39.4809250746], [-0.3689679883, 39.4851159754]]","(255, 165, 0)"
31,A141,330,JOAQUIN BALLESTER,"[[-0.3929441698, 39.4814242683], [-0.38974306070000003, 39.4827968866], [-0.38970910550000004, 39.4828120334], [-0.3896758269, 39.4828280512], [-0.3896432597, 39.4828449408], [-0.389611452, 39.4828626583], [-0.3895804272, 39.4828812042], [-0.38955023250000004, 39.4829005524], [-0.38952089240000004, 39.4829206766], [-0.3894924542, 39.4829415507], [-0.3886749235, 39.4835621579], [-0.3851797672, 39.4850606399]]","(0, 255, 0)"
32,A142,323,JOAQUIN BENLLOCH,"[[-0.3782230909, 39.4558872821], [-0.373412903, 39.4490379171]]","(0, 255, 0)"
33,A143,1530,LINARES,"[[-0.3960947938, 39.4681143821], [-0.39152828910000004, 39.4690326109]]","(255, 165, 0)"
34,A144,2538,LLANO DE ZAIDIA,"[[-0.3817675696, 39.4826840875], [-0.3804185466, 39.4829822613]]","(255, 0, 0)"
35,A145,756,LORCA,"[[-0.3925212292, 39.4674709627], [-0.39152828910000004, 39.4690326109]]","(255, 165, 0)"
36,A146,1800,MAESTRO RODRIGO,"[[-0.3968628496, 39.4765059475], [-0.3985760518, 39.4789056494]]","(255, 165, 0)"
37,A147,1980,MAESTRO RODRIGO,"[[-0.4017742024, 39.4833800084], [-0.3985760518, 39.4789056494]]","(255, 165, 0)"
38,A148,604,"MALILLA, CARRERA","[[-0.37847689700000003, 39.4558026849], [-0.37806425530000004, 39.4552151816], [-0.3803303785, 39.4457576365]]","(255, 165, 0)"
39,A149,60,"MALILLA, CARRERA","[[-0.3803303785, 39.4457576365], [-0.37975725650000003, 39.4438709344], [-0.3817630051, 39.437430281]]","(0, 255, 0)"
40,A15,1836,ALCALDE REIG,"[[-0.36086970700000004, 39.463204911], [-0.36043768400000004, 39.462093199], [-0.3582493176, 39.4587951238]]","(255, 165, 0)"
41,A150,255,"MALVARROSA, AVENIDA","[[-0.3280625814, 39.4790727712], [-0.3280915896, 39.4765646988], [-0.3278219174, 39.4765628219], [-0.32782831770000004, 39.476009167]]","(0, 255, 0)"
42,A19,330,ANGEL GUIMERA,"[[-0.3850318051, 39.4703385614], [-0.38341917070000003, 39.4703958195]]","(0, 255, 0)"
43,A190,2556,PERIS Y VALERO,"[[-0.3708736662, 39.4589841223], [-0.3655394629, 39.4612348582]]","(255, 0, 0)"
44,A193,4986,PIO XII,"[[-0.3929441698, 39.4814242683], [-0.3960877914, 39.4858276211]]","(255, 0, 0)"
45,A206,1098,"PUERTO, AVENIDA DEL","[[-0.3327251029, 39.4600839244], [-0.3386535938, 39.4618165315]]","(255, 165, 0)"
46,A207,872,"PUERTO, AVENIDA DEL","[[-0.3386535938, 39.4618165315], [-0.35128015, 39.4655053912]]","(255, 165, 0)"
47,A225,1635,SAN VICENTE,"[[-0.38746704600000004, 39.4433784852], [-0.3864004317, 39.4463699911]]","(255, 165, 0)"
48,A226,1296,SAN VICENTE,"[[-0.3797992995, 39.4682360543], [-0.3814270877, 39.4661180353], [-0.3815792958, 39.4655001451]]","(255, 165, 0)"
49,A227,1,SAN VICENTE,"[[-0.3864004317, 39.4463699911], [-0.3855230543, 39.4488305539], [-0.3849329345, 39.4509303812], [-0.3834852721, 39.4577615712]]","(0, 255, 0)"
50,A229,90,SANGRE-GARRIGUES,"[[-0.3796618399, 39.4707968332], [-0.3768564983, 39.4701977729]]","(0, 255, 0)"
51,A23,174,ANTONIO JUAN Y PINTOR FERRANDI,"[[-0.334035069, 39.472756545], [-0.3319435645, 39.4723908417], [-0.3309721887, 39.4720508333], [-0.32985209530000004, 39.4720251107], [-0.3276572517, 39.4718514004], [-0.325604581, 39.471847456]]","(0, 255, 0)"
52,A230,792,SANTOS JUSTO Y PASTOR,"[[-0.34942850870000003, 39.4700326076], [-0.3543783854, 39.4714782665]]","(255, 165, 0)"
53,A231,502,SANTOS JUSTO Y PASTOR,"[[-0.3393899446, 39.4670999625], [-0.34942850870000003, 39.4700326076]]","(255, 165, 0)"
54,A233,3034,SERRERIA,"[[-0.3386535938, 39.4618165315], [-0.3383720197, 39.4620298967], [-0.33809973660000003, 39.4622504017], [-0.3378370564, 39.4624777925], [-0.3375842673, 39.4627118235], [-0.3373416468, 39.4629522309], [-0.3371094719, 39.4631987598], [-0.3368879856, 39.4634511366], [-0.336677443, 39.4637090699], [-0.336478064, 39.4639722855], [-0.3362900688, 39.464240491300004], [-0.3361136897, 39.4645133953], [-0.3359491012, 39.4647906863], [-0.3357964894, 39.4650720624], [-0.3356560173, 39.4653572119], [-0.3355278365, 39.4656458231], [-0.3354121103, 39.4659375755]]","(255, 0, 0)"
55,A234,1941,SERRERIA,"[[-0.3345175973, 39.4701209731], [-0.33334878230000003, 39.4763836862]]","(255, 165, 0)"
56,A235,2952,SERRERIA Entre Santos Justo y Pastor y Blasco Ibáñez,"[[-0.3354121103, 39.4659375755], [-0.3353052318, 39.4662435393], [-0.3352120348, 39.4665521769], [-0.3351326381, 39.4668631218], [-0.3350671259, 39.4671759976], [-0.3345175973, 39.4701209731]]","(255, 0, 0)"
57,A236,432,SORNÍ,"[[-0.3649187468, 39.4702007897], [-0.3704008573, 39.470313076]]","(0, 255, 0)"
58,A237,390,"SUECIA, AVENIDA","[[-0.3600831387, 39.4730431078], [-0.3581480566, 39.477023492]]","(0, 255, 0)"
59,A238,1656,"TETUAN, PLAZA","[[-0.3694668888, 39.475740208], [-0.36975805770000003, 39.4739013767]]","(255, 165, 0)"
60,A239,2304,TIRSO DE MOLINA,"[[-0.3968628496, 39.4765059475], [-0.3948741854, 39.4773745703]]","(255, 0, 0)"
61,A24,1,ARCHIDUQUE CARLOS,"[[-0.3973058545, 39.4627813099], [-0.3960143766, 39.463945492]]","(0, 255, 0)"
62,A29,4379,AUSIAS MARCH,"[[-0.3688854723, 39.4461937452], [-0.3688976594, 39.4463514591], [-0.3689169617, 39.4465087576], [-0.3689433867, 39.4466654425], [-0.3689768728, 39.4468212963], [-0.36901740310000003, 39.4469761564], [-0.3690649157, 39.4471298142], [-0.3691193481, 39.4472820791], [-0.3691806372, 39.4474327785], [-0.3692487091, 39.4475817125], [-0.3693234892, 39.4477287083], [-0.3694048683, 39.4478735741], [-0.36949274860000003, 39.4480161366], [-0.36958703200000004, 39.4481562224], [-0.3710122887, 39.4501860662]]","(255, 0, 0)"
63,A290,1,SAN JOSÉ DE CALASANZ,"[[-0.3836747414, 39.4658776645], [-0.3901029326, 39.4670354974]]","(0, 255, 0)"
64,A291,1,PINTOR BENEDITO,"[[-0.3815792958, 39.4655001451], [-0.3836747414, 39.4658776645]]","(0, 255, 0)"
65,A295,360,CLARIANO,"[[-0.35117656740000003, 39.4785606331], [-0.3511702693, 39.4786025244], [-0.35116584910000004, 39.4786445576], [-0.35116330840000004, 39.4786866876], [-0.35116266090000003, 39.4787288608], [-0.35116389670000003, 39.478771032], [-0.3511670182, 39.4788131379], [-0.35117202680000004, 39.4788551428], [-0.3511789135, 39.4788969743], [-0.3511876679, 39.4789386051], [-0.3511982806, 39.4789799719], [-0.3512107414, 39.4790210386], [-0.3512250183, 39.4790617323], [-0.3512411238, 39.4791020262], [-0.35125901400000004, 39.4791418562], [-0.3512786784, 39.4791811862], [-0.3513000961, 39.4792199616], [-0.3513232338, 39.4792581366], [-0.3513480701, 39.4792956656], [-0.3513745714, 39.4793325119], [-0.3514027053, 39.4793686116], [-0.35143243760000004, 39.4794039459], [-0.3514637359, 39.4794384511], [-0.3514965548, 39.4794720991], [-0.35153086110000004, 39.4795048441], [-0.3515666216, 39.4795366402], [-0.3516037678, 39.4795674589], [-0.35164228940000003, 39.479597264], [-0.3516821064, 39.4796260175], [-0.3517231973, 39.4796536739], [-0.3517654931, 39.4796802137], [-0.35180896, 39.479705609], [-0.3518535299, 39.4797298132], [-0.35189916920000003, 39.4797527986], [-0.3519457968, 39.4797745543], [-0.3519933679, 39.4797950342], [-0.35204183650000004, 39.4798142283], [-0.3520911339, 39.4798321079], [-0.352141203, 39.4798486448], [-0.3521919741, 39.4798638373], [-0.3522434022, 39.4798776484], [-0.3522954178, 39.4798900675], [-0.3523479517, 39.4799010841], [-0.35240095800000004, 39.479910679], [-0.3524543558, 39.4799188413], [-0.35250808710000003, 39.4799255699], [-0.3525620827, 39.479930845], [-0.3526162846, 39.4799346654], [-0.3526706348, 39.4799370297], [-0.3527250407, 39.4799379268], [-0.352779467, 39.479937365], [-0.3528338328, 39.4799353333], [-0.35288806780000004, 39.4799318482], [-0.35294212540000003, 39.4799269087], [-0.3529959244, 39.4799205128], [-0.353049406, 39.4799126773], [-0.3531025001, 39.4799034095], [-0.3531551484, 39.4798927172], [-0.3532072918, 39.479880626], [-0.3532588608, 39.4798671253], [-0.3533097837, 39.4798522676], [-0.35336002650000004, 39.4798360341], [-0.3534094947, 39.4798184586], [-0.35345816420000004, 39.4797995676], [-0.35350595300000004, 39.4797793774], [-0.3535528019, 39.4797579134], [-0.3535986631, 39.4797352108], [-0.3536434898, 39.4797112775], [-0.35368721070000003, 39.4796861568], [-0.3537297894, 39.4796598839], [-0.3537711557, 39.4796324754], [-0.35381127300000004, 39.4796039754], [-0.3538500938, 39.4795744098], [-0.3538875587, 39.4795438134], [-0.3539236423, 39.4795122396], [-0.353958286, 39.4794797051], [-0.3539914528, 39.4794462631], [-0.3540231065, 39.4794119488], [-0.35405319900000004, 39.4793768062], [-0.35408169370000003, 39.4793408795], [-0.354108578, 39.4793041954], [-0.35413379100000003, 39.4792668246], [-0.35415733180000003, 39.4792287941], [-0.3541791406, 39.4791901477], [-0.35419921530000004, 39.4791509392]]","(0, 255, 0)"
66,A30,2052,AUTOPISTA DEL SALER,"[[-0.3522608242, 39.4531945878], [-0.3425775551, 39.4452653421]]","(255, 0, 0)"
67,A303,648,"JESÚS,","[[-0.3882709143, 39.4595783046], [-0.3884347063, 39.4603715009], [-0.3867434936, 39.4623279576]]","(255, 165, 0)"
68,A305,252,IBIZA,"[[-0.3404345267, 39.4590864415], [-0.34010002640000003, 39.460367291], [-0.3393044803, 39.4612074436]]","(0, 255, 0)"
69,A374,1,BULEVAR SUR,"[[-0.3995723855, 39.4535322706], [-0.3947350295, 39.4498398327]]","(0, 255, 0)"
70,A407,727,AVDA. DEL LEVANTE U.D.(entre Av. de Ecuador y Juan XXIII),"[[-0.3938060742, 39.4928477708], [-0.3863592468, 39.4974788226]]","(255, 165, 0)"
71,A296,690,ACCESO BARCELONA RAMAL DE ENTRADA [De V-21 a Rotonda],"[[-0.3492137091, 39.4828286758], [-0.3504649829, 39.4825381238], [-0.3513195458, 39.4822649208], [-0.35133887610000003, 39.4822588661], [-0.3513579356, 39.4822522918], [-0.3513766776, 39.4822451967], [-0.3513951013, 39.4822376078], [-0.3514131601, 39.4822295242], [-0.351430842, 39.4822209545], [-0.3514481352, 39.4822119075], [-0.3514650157, 39.4822024007], [-0.35148144800000003, 39.4821924512], [-0.3514974205, 39.4821820588], [-0.3515129212, 39.4821712322], [-0.3515279254, 39.482160007], [-0.3515424104, 39.4821483735], [-0.3515563632, 39.4821363676], [-0.3515697608, 39.4821239796], [-0.35158260220000004, 39.4821112366], [-0.3515948635, 39.4820981561], [-0.3516065208, 39.4820847555], [-0.3516175738, 39.4820710439], [-0.3516279986, 39.4820570386], [-0.3516377824, 39.4820427665], [-0.35164691340000004, 39.4820282363], [-0.35165540240000004, 39.4820134663], [-0.3516632024, 39.4819984733], [-0.3516703356, 39.481983285], [-0.35167676670000003, 39.4819679095], [-0.3516825183, 39.4819523654], [-0.3516875545, 39.4819366788], [-0.35169188630000003, 39.4819208681], [-0.3516955013, 39.4819049509], [-0.3516983993, 39.4818889363], [-0.3517005673, 39.4818728601], [-0.3517020161, 39.4818567404], [-0.3517027338, 39.4818405861], [-0.3517027314, 39.4818244153], [-0.3517019958, 39.4818082639], [-0.3517005268, 39.4817921408], [-0.3516983352, 39.4817760643], [-0.35169543210000004, 39.4817600526], [-0.3516918047, 39.4817441326], [-0.35168745230000004, 39.4817283221], [-0.35168239760000003, 39.4817126398], [-0.35167663990000003, 39.4816971036], [-0.3516701899, 39.4816817318], [-0.3516630469, 39.4816665515], [-0.3516552223, 39.4816515627], [-0.3516467264, 39.481636802], [-0.35163757090000003, 39.4816222694], [-0.3516277775, 39.4816080015], [-0.35161733440000004, 39.4815940072], [-0.3516062756, 39.4815803051], [-0.351594601, 39.4815669042], [-0.35158233250000004, 39.4815538322], [-0.3515694817, 39.4815410982], [-0.3515560709, 39.4815287208], [-0.3515420998, 39.481516709], [-0.3515276023, 39.4815050906], [-0.35151259, 39.4814938659], [-0.3514970854, 39.4814830534], [-0.3514810995, 39.4814726713], [-0.3514646551, 39.4814627292], [-0.3514477755, 39.4814532276], [-0.35143047120000004, 39.4814441938], [-0.3514127768, 39.4814356376], [-0.3513947039, 39.4814275592], [-0.35137628670000004, 39.4814199774], [-0.35135752470000003, 39.4814129013], [-0.3513384646, 39.4814063319], [-0.35131912870000004, 39.4814002877], [-0.3512995171, 39.4813947688], [-0.3512796764, 39.4813897761], [-0.3512596169, 39.481385337], [-0.3512393744, 39.4813814342], [-0.3512189717, 39.4813780773], [-0.3511984312, 39.4813752849], [-0.351177777, 39.4813730393], [-0.3511570316, 39.4813713593], [-0.3511362182, 39.4813702452], [-0.3511153721, 39.4813696889], [-0.3510945163, 39.4813696909], [-0.3510736735, 39.4813702698], [-0.35105286760000004, 39.4813714081], [-0.3510321219, 39.4813731063], [-0.3510114595, 39.4813753649], [-0.3509208254, 39.4813782175], [-0.35083010600000003, 39.4813787258], [-0.35073941740000003, 39.4813768924], [-0.350648876, 39.4813727111], [-0.3505585516, 39.4813661834], [-0.3504685597, 39.4813573298], [-0.35037900510000003, 39.481346144], [-0.3502899678, 39.4813326636]]","(255, 165, 0)"
72,A360,2300,AVENIDA LOS NARANJOS,"[[-0.3452837016, 39.4798705196], [-0.33334878230000003, 39.4763836862]]","(255, 0, 0)"
73,A361,848,TRES FORQUES,"[[-0.4165163429, 39.4631369568], [-0.40567216440000003, 39.4635758106]]","(255, 165, 0)"
74,A362,868,GENERAL AVILÉS,"[[-0.3960877914, 39.4858276211], [-0.4017742024, 39.4833800084]]","(255, 165, 0)"
75,A363,1584,GENERAL AVILES,"[[-0.40721256180000004, 39.4811319968], [-0.4017742024, 39.4833800084]]","(255, 165, 0)"
76,A364,756,PIO BAROJA,"[[-0.4065850798, 39.4777683863], [-0.40721256180000004, 39.4811319968]]","(255, 165, 0)"
77,A365,1818,MAESTRO RODRIGO,"[[-0.4017742024, 39.4833800084], [-0.4051812135, 39.4879905999]]","(255, 165, 0)"
78,A367,1,JUAN XXIII,"[[-0.3821434734, 39.4902520717], [-0.3829888844, 39.4925735436], [-0.384072719, 39.4956047915], [-0.3848689916, 39.4978301724]]","(0, 255, 0)"
79,A369,1,PASEO ALAMEDA,"[[-0.357084265, 39.46135921], [-0.3565291558, 39.4609380005], [-0.3556925448, 39.4605451847], [-0.35359942, 39.4599808332]]","(0, 255, 0)"
80,A37,144,AVENIDA BURJASSOT,"[[-0.3989751613, 39.4979266418], [-0.401271653, 39.500182723500004]]","(0, 255, 0)"
81,A371,2524,BULEVAR SUR,"[[-0.3864004317, 39.4463699911], [-0.3803303785, 39.4457576365]]","(255, 0, 0)"
82,A372,2175,BULEVAR SUR,"[[-0.3803303785, 39.4457576365], [-0.37238546170000003, 39.4449689227], [-0.3723346992, 39.4449645499], [-0.3722837821, 39.4449615069], [-0.3722327452, 39.4449597946], [-0.3721816811, 39.4449594238], [-0.3721306137, 39.4449603773], [-0.3720796239, 39.4449626659], [-0.3720287701, 39.4449662817], [-0.371978087, 39.4449712257], [-0.3719276568, 39.4449774817], [-0.3718775253, 39.4449850597], [-0.3718277514, 39.4449939431], [-0.3717783939, 39.445004115], [-0.3717294993, 39.4450155677], [-0.3716811378, 39.4450282937], [-0.3716333569, 39.4450422669], [-0.3715862028, 39.4450574886], [-0.3715397348, 39.4450739329], [-0.3714940118, 39.4450915741], [-0.37144908060000004, 39.4451104045], [-0.3714049887, 39.4451303979], [-0.3688854723, 39.4461937452]]","(255, 0, 0)"
83,A373,6516,ACCESO SUR (N-332),"[[-0.37057731650000003, 39.430430916], [-0.3702534798, 39.4368725729], [-0.36892175800000004, 39.4454665191], [-0.368902369, 39.4456114464], [-0.3688890295, 39.44575679], [-0.3688817689, 39.4459023883], [-0.3688805813, 39.446048088], [-0.3688854723, 39.4461937452]]","(255, 0, 0)"
84,A409,1,CAMINO DE LAS MORERAS (Entre Autopista del Saler y Paso elevado ferrocarril),"[[-0.3429291647, 39.4512522539], [-0.3457360252, 39.4517473694], [-0.3481288409, 39.4523004737], [-0.3522608242, 39.4531945878]]","(0, 255, 0)"
85,A411,2736,MENORCA Entre prolongación alameda y Av. Francia,"[[-0.34785339590000003, 39.4559830305], [-0.3438202247, 39.4585580142]]","(255, 0, 0)"
86,A412,3276,PONT DE L'' ASSUT DE L'' OR Entre Menorca y Autopista del Saler,"[[-0.3522608242, 39.4531945878], [-0.34785339590000003, 39.4559830305]]","(255, 0, 0)"
87,A414,1585,INGENIERO FAUSTO ELIO Entre Av de los Naranjos y C/ Mendizábal,"[[-0.33334878230000003, 39.4763836862], [-0.33253186360000003, 39.4806048033], [-0.3316441207, 39.4843414355]]","(255, 165, 0)"
88,A53,1140,BOTANICO CABANILLES,"[[-0.3663542562, 39.4794191583], [-0.3638111885, 39.4845869293]]","(255, 165, 0)"
89,A54,229,BRASIL,"[[-0.4016374829, 39.4728777182], [-0.3943546656, 39.4705281398], [-0.3930107869, 39.4711096541]]","(0, 255, 0)"
90,A55,180,CADIZ,"[[-0.3714516625, 39.4587402202], [-0.375339544, 39.4642760102]]","(0, 255, 0)"
91,A56,762,"C.MONCADA, P.ALEIX. A H.MACHA.","[[-0.3784795429, 39.4910601102], [-0.3800546068, 39.4937690612], [-0.3803230715, 39.4948649687], [-0.3814738815, 39.4976000723]]","(255, 165, 0)"
92,A58,3434,CAMINO NUEVO DE PICANYA,"[[-0.4052668338, 39.4554937867], [-0.40246532560000003, 39.4581121973]]","(255, 0, 0)"
93,A59,4140,CAMINO NUEVO DE PICANYA,"[[-0.4089990973, 39.4528535], [-0.40503873690000003, 39.4556795737]]","(255, 0, 0)"
94,A60,1338,"CAMP DE TURIA, EL","[[-0.4024722298, 39.494768561], [-0.4079353717, 39.4923709594]]","(255, 165, 0)"
95,A61,684,"CAMPANAR, AVENIDA","[[-0.389510909, 39.4886268672], [-0.3929441698, 39.4814242683]]","(255, 165, 0)"
96,A62,1164,"CAMPANAR, AVENIDA","[[-0.3929441698, 39.4814242683], [-0.3948741854, 39.4773745703]]","(255, 165, 0)"
97,A64,1976,CARDENAL BENLLOCH,"[[-0.3565358155, 39.4670403553], [-0.3543783854, 39.4714782665]]","(255, 165, 0)"
98,A65,1388,CARDENAL BENLLOCH,"[[-0.3543783854, 39.4714782665], [-0.3524861392, 39.4753701623]]","(255, 165, 0)"
99,A80,1188,"CONSTITUCION, AVENIDA","[[-0.3739144, 39.4920667065], [-0.3727997297, 39.4941697751], [-0.3721547718, 39.4945715122], [-0.3716396551, 39.4951962307], [-0.3704688505, 39.4976730484]]","(255, 165, 0)"
100,A82,4920,CORTES VALENCIANAS,"[[-0.3992560546, 39.4902648465], [-0.4024722298, 39.494768561]]","(255, 0, 0)"
101,A83,324,CUENCA,"[[-0.38416196220000004, 39.4691495967], [-0.3834140196, 39.4703918387]]","(0, 255, 0)"
102,A84,216,CUENCA,"[[-0.3882403594, 39.4642791881], [-0.3908758191, 39.4611463781], [-0.39196005710000004, 39.4601538785]]","(0, 255, 0)"
103,A85,406,CUENCA,"[[-0.37121024300000005, 39.4808438905], [-0.3733333283, 39.4815795497]]","(0, 255, 0)"
104,A85,406,CUENCA,"[[-0.38646040330000003, 39.4664049108], [-0.3882113686, 39.4643849488]]","(0, 255, 0)"
105,A94,675,DOCTOR MOLINER,"[[-0.364690726, 39.4737413393], [-0.3638178964, 39.4741745756], [-0.36312712680000003, 39.4756061987], [-0.36191286770000003, 39.4781226525]]","(255, 165, 0)"
106,A95,3288,DOCTOR PESET ALEIXANDRE,"[[-0.382231812, 39.490232594], [-0.389510909, 39.4886268672]]","(255, 0, 0)"
107,A96,2671,DOCTOR PESET ALEIXANDRE,"[[-0.3739144, 39.4920667065], [-0.3784795429, 39.4910601102]]","(255, 0, 0)"
108,A97,2664,DOCTOR PESET ALEIXANDRE,"[[-0.3784795429, 39.4910601102], [-0.382231812, 39.490232594]]","(255, 0, 0)"
109,A117,3346,GRAN VIA FERNANDO EL CATOLICO,"[[-0.3850318051, 39.4703385614], [-0.3901137749, 39.4774591638]]","(255, 0, 0)"
110,B31,240,DELS PORTS,"[[-0.4023260289, 39.4948324532], [-0.4026463106, 39.4954438245], [-0.40268539210000004, 39.4955221738], [-0.4027210659, 39.495601483], [-0.4027533119, 39.4956816704], [-0.40278208670000004, 39.4957626451], [-0.4028073587, 39.4958443252], [-0.40282908500000003, 39.4959266108], [-0.402838527, 39.4959696947], [-0.40284607650000004, 39.4960130156], [-0.402851713, 39.496056501], [-0.40285543770000004, 39.4961001148], [-0.4028572527, 39.496143803], [-0.40285714840000003, 39.4961875114], [-0.402855138, 39.4962311952], [-0.4028512003, 39.4962747998], [-0.402845349, 39.4963182716], [-0.40283760890000003, 39.4963615661], [-0.4028279589, 39.4964046287], [-0.4028164354, 39.4964474152], [-0.4028030405, 39.4964898715], [-0.4027877875, 39.496531953], [-0.4027707012, 39.4965736152], [-0.402751784, 39.496614795], [-0.4027310838, 39.4966554574], [-0.40270861410000003, 39.4966955488], [-0.4026843882, 39.4967350244], [-0.4026584543, 39.4967738401], [-0.4026308373, 39.4968119516], [-0.4026015505, 39.4968493141], [-0.4025706537, 39.4968858838], [-0.4025381717, 39.4969216163], [-0.4025041291, 39.4969564761], [-0.4024685858, 39.4969904194], [-0.40243157820000003, 39.4970234021], [-0.40239313060000004, 39.4970553977], [-0.40235331430000004, 39.4970863626], [-0.4023121544, 39.4971162525], [-0.4022697214, 39.4971450419]]","(0, 255, 0)"
111,B32,30,DOCTOR PÉREZ FELIU,"[[-0.4022163038, 39.4604825346], [-0.403583324, 39.460136801]]","(0, 255, 0)"
112,B34,144,DUQUE DE CALABRIA,"[[-0.36524667180000003, 39.4613583887], [-0.3667056896, 39.4634648307]]","(0, 255, 0)"
113,B37,252,ERUDITO ORELLANA,"[[-0.3875000129, 39.4707289589], [-0.38611768430000004, 39.4718601556]]","(0, 255, 0)"
114,B38,158,ESCULTOL ALFONSO GABINO,"[[-0.3450571709, 39.4741646642], [-0.3474409511, 39.4748490386]]","(0, 255, 0)"
115,B4,144,ALMIRANTE CADARSO,"[[-0.370114106, 39.466480923], [-0.3682925738, 39.4638120213]]","(0, 255, 0)"
116,B40,108,EXPLORADOR ANDRÉS,"[[-0.3466606862, 39.4720549352], [-0.3483964585, 39.4725556227]]","(0, 255, 0)"
117,B41,265,FÉLIX PIZCUETA,"[[-0.372909792, 39.4667036918], [-0.3721625045, 39.4656166325]]","(0, 255, 0)"
118,B44,390,FRAY JUNÍPERO SERRA,"[[-0.4007718829, 39.4628933383], [-0.400855365, 39.4637704322]]","(0, 255, 0)"
119,B49,167,GRABADOR ENGUIDANOS,"[[-0.3967299423, 39.4796976224], [-0.3974479195, 39.4806470358]]","(0, 255, 0)"
120,B51,252,GREGORIO MAYANS,"[[-0.3721625045, 39.4656166325], [-0.3713334455, 39.4644772697]]","(0, 255, 0)"
121,B52,36,HABANA,"[[-0.4080713808, 39.4649099782], [-0.4058366228, 39.4650620313]]","(0, 255, 0)"
122,B53,36,HERMANOS VILLALONGA,"[[-0.35732779530000003, 39.4845130189], [-0.3577679814, 39.4834563295]]","(0, 255, 0)"
123,B54,1,HISTORIADOR COLOMA,"[[-0.3247624288, 39.4703713068], [-0.325591735, 39.4703688016]]","(0, 255, 0)"
124,B55,180,L'' HORTA SUD,"[[-0.40092538380000003, 39.4926025421], [-0.3984980705, 39.4936486831]]","(0, 255, 0)"
125,A118,2610,GERMANÍAS,"[[-0.37378628620000004, 39.4649314539], [-0.3776901512, 39.4632840158], [-0.37775168540000004, 39.463259098500004], [-0.3778142856, 39.4632358178], [-0.3778778692, 39.4632141989], [-0.3779423767, 39.4631942854], [-0.37800771440000003, 39.4631760933]]","(255, 0, 0)"
126,A119,954,TÚNEL DE LAS GRANDES VÍAS,"[[-0.3804414595, 39.4639054027], [-0.3804061103, 39.4638578412], [-0.3803686444, 39.46381125], [-0.3803291171, 39.4637657023], [-0.3802875496, 39.4637212527], [-0.3802440212, 39.4636779571], [-0.38019857690000003, 39.4636358526], [-0.3801512609, 39.463595003], [-0.3801021412, 39.4635554551], [-0.3800512737, 39.4635172642], [-0.3799987152, 39.4634804675], [-0.3799445457, 39.4634451028], [-0.3798888208, 39.4634112346], [-0.37983159790000004, 39.4633788822], [-0.3797729562, 39.4633481012], [-0.3797129765, 39.4633189117], [-0.37965171470000003, 39.4632913688], [-0.3795892514, 39.4632654925], [-0.3795256665, 39.4632413206], [-0.3794610404, 39.4632188818], [-0.3793954304, 39.4631981956], [-0.37932894, 39.4631792913], [-0.3792616495, 39.4631621976], [-0.3791936162, 39.463146934], [-0.3791249444, 39.4631335117], [-0.3790557142, 39.4631219597], [-0.37898599580000003, 39.4631122704], [-0.3789158922, 39.4631044823], [-0.3788454854, 39.4630985792], [-0.3787748557, 39.4630945898], [-0.3787040847, 39.4630925071], [-0.3786332653, 39.4630923331], [-0.3785624785, 39.4630940787], [-0.3784918177, 39.463097728], [-0.3784213528, 39.4631032824], [-0.37835118840000004, 39.4631107355], [-0.37828140590000003, 39.463120089], [-0.37821207640000004, 39.4631313085], [-0.37814330430000004, 39.4631443963], [-0.3780751483, 39.4631593358], [-0.37800771440000003, 39.4631760933]]","(255, 165, 0)"
127,A12,972,"ALAMEDA, PROLONGACION","[[-0.3584211087, 39.4637869036], [-0.357084265, 39.46135921]]","(255, 165, 0)"
128,A120,1,GRAN VIA MARQUES DEL TURIA,"[[-0.36959458440000004, 39.4667001236], [-0.37378628620000004, 39.4649314539]]","(0, 255, 0)"
129,A121,4285,GRAN VIA MARQUES DEL TURIA,"[[-0.3641680839, 39.4689894357], [-0.36959458440000004, 39.4667001236]]","(255, 0, 0)"
130,A129,1710,HERMANOS MARISTAS,"[[-0.3710122887, 39.4501860662], [-0.3643379295, 39.4530026014]]","(255, 165, 0)"
131,A13,393,ALBORAIA,"[[-0.3689679883, 39.4851159754], [-0.36773384940000003, 39.4874913113]]","(0, 255, 0)"
132,A130,144,HERNAN CORTES,"[[-0.3718818869, 39.4691837964], [-0.3700134097, 39.4665234089]]","(0, 255, 0)"
133,A131,151,ISABEL DE VILLENA,"[[-0.3257940442, 39.479084647], [-0.3257566114, 39.4747744293], [-0.32562781900000004, 39.4745240858], [-0.325604581, 39.471847456], [-0.3255713549, 39.4680233608], [-0.3251811468, 39.467415777]]","(0, 255, 0)"
134,A133,453,ISLAS CANARIAS,"[[-0.3358630939, 39.461001049000004], [-0.34104383800000004, 39.4613546636], [-0.342178519, 39.4617033218], [-0.3450005371, 39.4629849553], [-0.34637617940000004, 39.4635352073], [-0.35147659000000003, 39.4650250974]]","(0, 255, 0)"
135,A134,1,ISLAS CANARIAS,"[[-0.35147659000000003, 39.4650250974], [-0.353895506, 39.4657315879], [-0.3568938727, 39.4663037351], [-0.3603990018, 39.4673784393]]","(0, 255, 0)"
136,A135,1306,J.J. DOMINE,"[[-0.3327251029, 39.4600839244], [-0.3296835905, 39.4624936272]]","(255, 165, 0)"
137,A174,1296,PASEO CIUDADELA,"[[-0.3694668888, 39.475740208], [-0.368750114, 39.4750386013], [-0.3668345369, 39.4726755588]]","(255, 165, 0)"
138,A175,1620,PASEO PECHINA,"[[-0.3901137749, 39.4774591638], [-0.3876818638, 39.4781479623], [-0.3836318309, 39.479964396], [-0.3829174152, 39.4804224864]]","(255, 165, 0)"
139,A176,897,PASEO PECHINA,"[[-0.4056095206, 39.4730414329], [-0.4055908134, 39.473043736], [-0.4055722054, 39.4730465007], [-0.4055537309, 39.4730497368], [-0.3967284569, 39.4747130017], [-0.3958551967, 39.4750944365]]","(255, 165, 0)"
140,A177,1311,PASEO PECHINA,"[[-0.3958551967, 39.4750944365], [-0.39112738680000003, 39.4771593817], [-0.3910941412, 39.4771733558], [-0.39106032290000003, 39.4771864791], [-0.3910259786, 39.4771987438], [-0.3909911321, 39.4772101413], [-0.3909558187, 39.4772206545], [-0.3901137749, 39.4774591638]]","(255, 165, 0)"
141,A178,347,PAVIA,"[[-0.3247749439, 39.4718129457], [-0.324827158, 39.4778344496], [-0.32485378060000003, 39.4790895621]]","(0, 255, 0)"
142,A179,127,PAVIA,"[[-0.3251811468, 39.467415777], [-0.3247441821, 39.4682666466], [-0.3247749439, 39.4718129457]]","(0, 255, 0)"
143,A18,2142,ANGEL GUIMERA,"[[-0.39152828910000004, 39.4690326109], [-0.3850318051, 39.4703385614]]","(255, 0, 0)"
144,A181,1,PAZ,"[[-0.3700496485, 39.4726968982], [-0.3742130222, 39.4735374603]]","(0, 255, 0)"
145,A182,1200,PEDRAPIQUERS,"[[-0.4075123319, 39.4593640296], [-0.4051819633, 39.4555773679]]","(255, 165, 0)"
146,A183,432,PEDRO ALEIXANDRE,"[[-0.3650739991, 39.4614312289], [-0.3612067101, 39.4595738153], [-0.3586241177, 39.4593599983]]","(0, 255, 0)"
147,A184,1,PEREZ GALDOS,"[[-0.39152828910000004, 39.4690326109], [-0.3958551967, 39.4750944365]]","(0, 255, 0)"
148,A185,1,PEREZ GALDOS,"[[-0.39152828910000004, 39.4690326109], [-0.3882113686, 39.4643849488]]","(0, 255, 0)"
149,A186,1,PEREZ GALDOS,"[[-0.3867434936, 39.4623279576], [-0.3882113686, 39.4643849488]]","(0, 255, 0)"
150,A187,2547,PERIS Y VALERO,"[[-0.37574658050000004, 39.4569276904], [-0.3708736662, 39.4589841223]]","(255, 0, 0)"
151,A188,1926,PERIS Y VALERO,"[[-0.3655394629, 39.4612348582], [-0.36086970700000004, 39.463204911]]","(255, 165, 0)"
152,A194,3756,PIO XII,"[[-0.39115091150000003, 39.4789121501], [-0.3929441698, 39.4814242683]]","(255, 0, 0)"
153,A195,1284,"PLATA, AVENIDA DE LA","[[-0.3582493176, 39.4587951238], [-0.36325861540000004, 39.4566818262]]","(255, 165, 0)"
154,A205,1098,"PUERTO, AVENIDA DEL","[[-0.35128015, 39.4655053912], [-0.3565358155, 39.4670403553]]","(255, 165, 0)"
155,A210,792,QUEVEDO,"[[-0.3812294745, 39.4687058307], [-0.3806826052, 39.4693445905], [-0.3796618399, 39.4707968332]]","(255, 165, 0)"
156,A211,1793,RAMON LLULL,"[[-0.3467291857, 39.4765059393], [-0.3478044521, 39.4740028283]]","(255, 165, 0)"
157,A212,1,RAMON LLULL,"[[-0.3452837016, 39.4798705196], [-0.3467291857, 39.4765059393]]","(0, 255, 0)"
158,A213,273,"REINA, LA","[[-0.32782831770000004, 39.476009167], [-0.3278353452, 39.4754011677], [-0.32833537220000003, 39.4719097301]]","(0, 255, 0)"
159,A214,482,"REINA, LA","[[-0.3296835905, 39.4624936272], [-0.3289497786, 39.4676190499]]","(0, 255, 0)"
160,A215,105,"REINA, LA","[[-0.3289412762, 39.4676784472], [-0.3283360247, 39.4719051327]]","(0, 255, 0)"
161,A216,377,ROGER DE LAURIA,"[[-0.3718818869, 39.4691837964], [-0.3755569475, 39.469160933]]","(0, 255, 0)"
162,A217,504,RUZAFA,"[[-0.37378628620000004, 39.4649314539], [-0.374949986, 39.4671496765]]","(255, 165, 0)"
163,A218,401,RUZAFA S_SUMA MAESTRO AGUILAR,"[[-0.37378628620000004, 39.4649314539], [-0.3726522523, 39.4637015073], [-0.37165909500000005, 39.4631332342], [-0.3697457643, 39.4606826696], [-0.3693274104, 39.4596365941]]","(0, 255, 0)"
164,A219,516,"SAFOR, LA","[[-0.3963372513, 39.4915158283], [-0.3992872712, 39.4902514734]]","(255, 165, 0)"
165,A22,468,"ANTIC REGNE, AVENIDA","[[-0.36043768400000004, 39.462093199], [-0.36245726380000004, 39.4625351945]]","(0, 255, 0)"
166,A220,144,"SAFOR, LA","[[-0.3963372513, 39.4915158283], [-0.39499150320000004, 39.4920912729], [-0.3944480541, 39.4924342506], [-0.3938685442, 39.4929091615]]","(0, 255, 0)"
167,A221,360,SAGUNTO,"[[-0.3739144, 39.4920667065], [-0.3753569277, 39.4879961288]]","(0, 255, 0)"
168,A223,1836,SAN PIO V,"[[-0.3679919262, 39.477154079499996], [-0.3686188931, 39.4773965248], [-0.3705380381, 39.4786577284], [-0.3721257041, 39.479701032]]","(255, 165, 0)"
169,A224,1356,SAN VICENTE,"[[-0.3834852721, 39.4577615712], [-0.3815792958, 39.4655001451]]","(255, 165, 0)"
170,A240,1260,TIRSO DE MOLINA,"[[-0.3948741854, 39.4773745703], [-0.3918580095, 39.4786918747], [-0.39182790300000003, 39.478704577], [-0.3917973113, 39.4787165748], [-0.3917662806, 39.478727878], [-0.39173483470000003, 39.4787384693], [-0.39170300890000004, 39.4787483403], [-0.39115091150000003, 39.4789121501]]","(255, 165, 0)"
171,A152,1494,MANUEL DE FALLA,"[[-0.40592998550000003, 39.4745942775], [-0.3974108624, 39.4762665698], [-0.3968628496, 39.4765059475]]","(255, 165, 0)"
172,A153,828,"MANUEL SOTO INGENIERO, AVENIDA","[[-0.3327251029, 39.4600839244], [-0.32980853460000004, 39.4553236807]]","(255, 165, 0)"
173,A258,1566,HNOS. MARISTAS (INSTITUTO OBRE,"[[-0.3643379295, 39.4530026014], [-0.3562132804, 39.4564303334]]","(255, 165, 0)"
174,A26,840,ARCHIDUQUE CARLOS,"[[-0.39602298700000005, 39.4639654864], [-0.3929871585, 39.4667675385], [-0.3925212292, 39.4674709627]]","(255, 165, 0)"
175,A260,972,AV. BALEARES,"[[-0.3579973983, 39.4640334365], [-0.35260072070000004, 39.4622763606]]","(255, 165, 0)"
176,A261,1278,AV. BALEARES,"[[-0.35260072070000004, 39.4622763606], [-0.3478170651, 39.460871424], [-0.34225962060000004, 39.4595446324], [-0.34046109490000004, 39.4590897611], [-0.3371723574, 39.4586796261]]","(255, 165, 0)"
177,A264,396,GIBRALTAR,"[[-0.3787242564, 39.4611671847], [-0.37800771440000003, 39.4631760933]]","(0, 255, 0)"
178,A266,1973,PLAZA AMÉRICA,"[[-0.3652115372, 39.4706732814], [-0.3641680839, 39.4689894357]]","(255, 165, 0)"
179,A267,3132,PUENTE NUEVE DE OCTUBRE,"[[-0.40592998550000003, 39.4745942775], [-0.4056101104, 39.4730443289]]","(255, 0, 0)"
180,A268,1476,PUENTE DEL MONTEOLIVETE,"[[-0.3562132804, 39.4564303334], [-0.35596890270000003, 39.45653342], [-0.3543125431, 39.4580901], [-0.35355270050000004, 39.4599483377]]","(255, 165, 0)"
181,A27,3384,AUSIAS MARCH,"[[-0.3727586337, 39.4526730245], [-0.37574658050000004, 39.4569276904]]","(255, 0, 0)"
182,A270,2160,PUENTE DE CAMPANAR,"[[-0.3958551967, 39.4750944365], [-0.3968628496, 39.4765059475]]","(255, 0, 0)"
183,A271,4290,PUENTE DE LAS VIEJAS GLORIAS,"[[-0.3901137749, 39.4774591638], [-0.39115091150000003, 39.4789121501]]","(255, 0, 0)"
184,A272,1080,PUENTE DE LAS ARTES,"[[-0.3829174152, 39.4804224864], [-0.3839265973, 39.4817635573]]","(255, 165, 0)"
185,A276,792,PUENTE DEL REAL,"[[-0.3694668888, 39.475740208], [-0.3679919262, 39.477154079499996]]","(255, 165, 0)"
186,A277,600,PUENTE DE LAS FLORES,"[[-0.3652115372, 39.4706732814], [-0.3630235093, 39.471684418]]","(255, 165, 0)"
187,A278,3234,PUENTE DE ARAGÓN,"[[-0.3641680839, 39.4689894357], [-0.36126011680000003, 39.4689419466]]","(255, 0, 0)"
188,A279,540,PUENTE DEL REINO,"[[-0.36043768400000004, 39.462093199], [-0.357084265, 39.46135921]]","(255, 165, 0)"
189,A28,3456,AUSIAS MARCH,"[[-0.3710122887, 39.4501860662], [-0.3727586337, 39.4526730245]]","(255, 0, 0)"
190,A280,1,PUENTE DEL ÁNGEL CUSTODIO,"[[-0.36086970700000004, 39.463204911], [-0.3584211087, 39.4637869036], [-0.3579973983, 39.4640334365]]","(0, 255, 0)"
191,A298,108,ACCESO DE BURJASSOT ENTRADA,"[[-0.3989751613, 39.4979266418], [-0.3995106591, 39.4975817086], [-0.399519626, 39.4975757383], [-0.3995283347, 39.4975695189], [-0.3995367607, 39.497563086], [-0.3995448927, 39.4975564304], [-0.39955273, 39.4975495699], [-0.3995602726, 39.4975425046], [-0.39956749690000004, 39.4975352431], [-0.39957439100000003, 39.497527794], [-0.3995809658, 39.4975201755], [-0.3995871984, 39.4975123783], [-0.39959308790000003, 39.4975044292], [-0.3995986226, 39.497496328], [-0.3996038021, 39.4974880838], [-0.3996086142, 39.4974797142], [-0.39961305890000004, 39.4974712193], [-0.3996171355, 39.497462617], [-0.3996208207, 39.4974539069], [-0.3996241256, 39.4974451072], [-0.3996270501, 39.4974362179], [-0.3996295816, 39.4974272658], [-0.39963172, 39.4974182508], [-0.3996334536, 39.4974091817], [-0.3996348047, 39.497400077], [-0.3996357385, 39.497390936], [-0.39963628900000003, 39.4973817863], [-0.399641648, 39.4972380538], [-0.3996422039, 39.4972287602], [-0.39964316600000005, 39.4972194846], [-0.3996445457, 39.4972102364], [-0.3996463307, 39.4972010334], [-0.3996485326, 39.4971918757], [-0.3996511388, 39.4971827901], [-0.3996541377, 39.4971737763], [-0.3996575402, 39.4971648527], [-0.39966134600000003, 39.4971560281], [-0.39966553180000003, 39.4971473022], [-0.3996701086, 39.4971386931], [-0.39967506410000003, 39.4971302186], [-0.39968038710000003, 39.4971218695], [-0.3996860877, 39.497113682], [-0.39969214350000004, 39.4971056375], [-0.399698553, 39.4970977721], [-0.39970531670000004, 39.4970900768], [-0.39971241090000004, 39.4970825601], [-0.3997198347, 39.4970752489], [-0.3997275884, 39.4970681343], [-0.3997356367, 39.4970612245], [-0.3997440023, 39.497054538], [-0.39975265, 39.4970480831], [-0.3997615913, 39.4970418599], [-0.3997707908, 39.4970358857], [-0.39978026050000004, 39.4970301518], [-0.3997899763, 39.4970246757], [-0.3997999263, 39.4970194661], [-0.3998101107, 39.4970145229], [-0.3998205057, 39.4970098548], [-0.40036964350000004, 39.4967728508], [-0.4004735688, 39.4967043488], [-0.40053558180000004, 39.4966100898], [-0.4005386247, 39.49660114], [-0.40054126360000003, 39.4965921092], [-0.4005435095, 39.4965830155], [-0.40054535010000003, 39.4965738767], [-0.4005467858, 39.4965646838], [-0.4005478155, 39.4965554638], [-0.4005484272, 39.4965462255], [-0.40054864430000003, 39.4965369693], [-0.4005484428, 39.4965277128], [-0.4005478336, 39.4965184741], [-0.4005468172, 39.4965092444], [-0.4005453921, 39.4965000596], [-0.4005435587, 39.4964909107], [-0.4005413279, 39.4964818159], [-0.4005386991, 39.4964727933], [-0.4005356606, 39.4964638427], [-0.40053223530000004, 39.4964549735], [-0.4005284227, 39.4964462037], [-0.4005242223, 39.4964375424], [-0.40051964570000004, 39.4964289897], [-0.400514692, 39.4964205728], [-0.4005093615, 39.4964122825], [-0.4005036764, 39.4964041465], [-0.40007543560000003, 39.4958158308]]","(0, 255, 0)"
192,A3,870,AV. CATALUÑA [De Rotonda a Primado Reig],"[[-0.3513195458, 39.4822649208], [-0.3530047804, 39.4812610817], [-0.35401300280000003, 39.4804154742], [-0.3548755609, 39.4795493711], [-0.3556062242, 39.4785443268]]","(255, 165, 0)"
193,A301,335,POETA QUEROL,"[[-0.37426577800000005, 39.4735481116], [-0.3744437292, 39.4724402492], [-0.374111956, 39.4704344045]]","(0, 255, 0)"
194,A33,2280,AVENIDA ARAGON,"[[-0.35780694300000004, 39.4717303023], [-0.3555959265, 39.4762782994]]","(255, 0, 0)"
195,A34,2805,AVENIDA ARAGON,"[[-0.36126011680000003, 39.4689419466], [-0.3583802393, 39.4705509437], [-0.35780694300000004, 39.4717303023]]","(255, 0, 0)"
196,A344,810,AVDA. CONSTITUCIÓN,"[[-0.3789920922, 39.4828912229], [-0.3785091297, 39.4855595494], [-0.3762027383, 39.4888260925]]","(255, 165, 0)"
197,A345,270,PUENTE EXPOSICIÓN (CALATRAVA),"[[-0.364690726, 39.4737413393], [-0.3668345369, 39.4726755588]]","(0, 255, 0)"
198,A39,403,AVENIDA BURJASSOT,"[[-0.3612067101, 39.4595738153], [-0.3601424295, 39.4579965123]]","(0, 255, 0)"
199,A392,617,ENTRADA-VALENCIA POR ALFAHUIR,"[[-0.3576014919, 39.4942708431], [-0.3584444593, 39.4939314897], [-0.3676520145, 39.4886994244], [-0.36839497800000004, 39.4879807779]]","(255, 165, 0)"
200,A394,566,SALIDA-VALENCIA POR ALFAHUIR,"[[-0.36839497800000004, 39.4879807779], [-0.36696566810000003, 39.4885306075], [-0.3612536169, 39.4918015191], [-0.3602646265, 39.4925683383], [-0.3580902415, 39.493798629], [-0.3576014919, 39.4942708431]]","(255, 165, 0)"
201,A395,210,C/ RUAYA,"[[-0.3785091297, 39.4855595494], [-0.3746093111, 39.4852913273]]","(0, 255, 0)"
202,A396,720,C/ PINTOR MAELLA,"[[-0.3478170651, 39.460871424], [-0.3483173833, 39.4595079402], [-0.34834594220000004, 39.459424567], [-0.3483707283, 39.4593404681], [-0.3483916911, 39.4592557504], [-0.3484088152, 39.4591705127], [-0.348422073, 39.459084871499996], [-0.3484314499, 39.4589989076], [-0.3484369406, 39.4589127558], [-0.34843854220000003, 39.4588264973], [-0.3484362382, 39.4587402579], [-0.3484300369, 39.4586541276], [-0.3484199458, 39.458568215], [-0.34840598370000003, 39.4584826374], [-0.34838817040000003, 39.4583974854], [-0.34836650150000004, 39.4583128761], [-0.3483410316, 39.4582289008], [-0.34831177950000003, 39.458145677], [-0.3482787879, 39.4580633048], [-0.3482420887, 39.4579818659], [-0.3482017357, 39.4579014698], [-0.3479254446, 39.4573574947], [-0.34766823080000003, 39.4568079364], [-0.3474302884, 39.4562531779]]","(255, 165, 0)"
203,A397,526,REUS (Entre Burjasot y Ruaya),"[[-0.3785091297, 39.4855595494], [-0.3822579305, 39.4857631321], [-0.382394502, 39.4857686951], [-0.3825312349, 39.485770577], [-0.3826679665, 39.4857687742], [-0.3828045458, 39.4857632831], [-0.3829407859, 39.4857541267], [-0.3830765358, 39.4857413015], [-0.38321162080000004, 39.4857248126], [-0.3833458883, 39.4857047016], [-0.3834791749, 39.4856809829], [-0.383611317, 39.4856536798], [-0.3837421499, 39.4856228427], [-0.38387152150000003, 39.485588495100004], [-0.3839992675, 39.4855506784], [-0.38518914860000003, 39.4850671751]]","(255, 165, 0)"
204,A398,5220,HNOS MACHADO(JUAN XXIII-CONST),"[[-0.3863592468, 39.4974788226], [-0.3794851703, 39.4990993212], [-0.37914189940000004, 39.4991699999], [-0.37879569550000003, 39.4992314495], [-0.37844696780000003, 39.4992836161], [-0.3780961149, 39.4993264186], [-0.37774355670000004, 39.4993598215], [-0.3773897258, 39.4993837714], [-0.3770350411, 39.4993982598], [-0.3766799229, 39.4994032511], [-0.3763247899, 39.4993987457], [-0.37597007200000004, 39.4993847534], [-0.3756161993, 39.4993612839], [-0.3752635666, 39.499328355], [-0.3749126136, 39.4992860309], [-0.3745637576, 39.499234348], [-0.374217415, 39.4991733697], [-0.3738739902, 39.4991031683], [-0.37036111380000003, 39.4980894542]]","(255, 0, 0)"
205,A399,4122,HNOS MACHADO(CONST-ALFAHUIR),"[[-0.37036111380000003, 39.4980894542], [-0.35850257950000003, 39.4947004009], [-0.3576014919, 39.4942708431]]","(255, 0, 0)"
206,A406,4680,PROLONGACION JUAN XXIII Entre Hermnanos Machado y Salvador Cervero,"[[-0.3862613696, 39.4975018995], [-0.3901945906, 39.5013441895]]","(255, 0, 0)"
207,A413,2304,MENORCA Entre Av. Francia y Av. Baleares,"[[-0.3438202247, 39.4585580142], [-0.34225962060000004, 39.4595446324]]","(255, 0, 0)"
208,A154,411,MARQUES DE SOTELO,"[[-0.37685855700000004, 39.4691527987], [-0.3770444673, 39.4675503744]]","(0, 255, 0)"
209,A155,427,MATIAS PERELLO,"[[-0.3637153078, 39.4632270022], [-0.3734318815, 39.4591271896]]","(0, 255, 0)"
210,A70,1,"CID, AVENIDA","[[-0.3925212292, 39.4674709627], [-0.3960947938, 39.4681143821]]","(0, 255, 0)"
211,A71,2850,"CID, AVENIDA","[[-0.3960947938, 39.4681143821], [-0.40557020590000004, 39.4698198242]]","(255, 0, 0)"
212,A72,1,"AVDA. CID,","[[-0.40557020590000004, 39.4698198242], [-0.4066290876, 39.4700103564], [-0.41743968730000003, 39.4692974664], [-0.4181251185, 39.4692599945], [-0.4188116631, 39.4692379754], [-0.4194987396, 39.4692314323], [-0.4201857679, 39.4692403432], [-0.4253490777, 39.4693654687], [-0.4254400446, 39.4693688714], [-0.42553080670000004, 39.4693746748], [-0.4256212479, 39.4693828763], [-0.4257112876, 39.4693934563], [-0.4258008097, 39.4694064121], [-0.4258897102, 39.4694217234], [-0.42597788550000004, 39.4694393698], [-0.4260652312, 39.4694593402], [-0.4261516555, 39.4694816053], [-0.4262370431, 39.4695061356], [-0.426321302, 39.4695329112], [-0.4264043408, 39.4695618848], [-0.4264860554, 39.4695930453], [-0.43496699110000003, 39.4729667829]]","(0, 255, 0)"
213,A73,324,CISCAR,"[[-0.3669404618, 39.467819882], [-0.3633548323, 39.4627136116]]","(0, 255, 0)"
214,A74,1368,CLARIANO,"[[-0.35117656740000003, 39.4785606331], [-0.3513102797, 39.4777883607], [-0.3524861392, 39.4753701623]]","(255, 165, 0)"
215,A76,468,COLON,"[[-0.36870956730000004, 39.4718478174], [-0.3701885233, 39.4704749878], [-0.3719057603, 39.469165598000004]]","(0, 255, 0)"
216,A77,737,COLÓN,"[[-0.374949986, 39.4671496765], [-0.37492133450000004, 39.4671565066], [-0.3748929912, 39.4671641004], [-0.37486501510000003, 39.4671724412], [-0.37483741800000003, 39.4671815203], [-0.3748102347, 39.4671913385], [-0.3747835128, 39.4672018697], [-0.3747572642, 39.4672131053], [-0.3747315357, 39.4672250373], [-0.3747063512, 39.4672376483], [-0.3746817458, 39.4672509299], [-0.37465774420000003, 39.4672648469], [-0.3746343695, 39.4672793995], [-0.3746116573, 39.4672945708], [-0.3719057603, 39.469165598000004]]","(255, 165, 0)"
217,A8,1620,"ALAMEDA, PASEO DE","[[-0.3630235093, 39.471684418], [-0.36223432650000004, 39.4707107213], [-0.36126011680000003, 39.4689419466]]","(255, 165, 0)"
218,A81,1,CORTES VALENCIANAS desde GENERAL AVILES hasta LA SAFOR,"[[-0.3992560546, 39.4902648465], [-0.39614870350000003, 39.4858699041]]","(0, 255, 0)"
219,A86,400,CUENCA,"[[-0.38646040330000003, 39.4664049108], [-0.38416196220000004, 39.4691495967]]","(0, 255, 0)"
220,A87,1,DOCTOR GOMEZ FERRER,"[[-0.36191286770000003, 39.4781226525], [-0.3608335723, 39.4803592009], [-0.35951818700000004, 39.4814079465]]","(0, 255, 0)"
221,A88,484,DOCTOR LLUCH,"[[-0.32825459770000004, 39.4676801841], [-0.3276572517, 39.4718514004]]","(0, 255, 0)"
222,A89,493,DOCTOR LLUCH,"[[-0.32899813580000004, 39.4624871902], [-0.3282616414, 39.4676309782]]","(0, 255, 0)"
223,A9,2280,"ALAMEDA, PASEO DE","[[-0.364690726, 39.4737413393], [-0.3630235093, 39.471684418]]","(255, 0, 0)"
224,B115,216,ALAMEDA,"[[-0.34785339590000003, 39.4559830305], [-0.34655568410000004, 39.4552940393], [-0.3464212279, 39.4552252865], [-0.3462837854, 39.455160204], [-0.3461434808, 39.4550988847], [-0.3460004977, 39.4550413958], [-0.3458550428, 39.4549877962], [-0.3457072531, 39.454938152], [-0.3455573232, 39.4548925396], [-0.34540543760000003, 39.4548509994], [-0.34525176820000003, 39.4548135894], [-0.34509651080000003, 39.454780359], [-0.3449398736, 39.4547513309], [-0.3447820058, 39.4547265537], [-0.3446231386, 39.4547060597], [-0.34446099420000004, 39.4546895445], [-0.3442982237, 39.4546772759], [-0.3441350235, 39.4546692764], [-0.3439715451, 39.4546655405], [-0.3438080086, 39.4546660823], [-0.34364460020000004, 39.4546708968], [-0.3434814826, 39.454679979], [-0.34132477650000004, 39.4549186003]]","(0, 255, 0)"
225,B118,423,MOLINELL,"[[-0.3709095398, 39.4851763616], [-0.3689679883, 39.4851159754], [-0.3640997714, 39.4848006144]]","(0, 255, 0)"
226,B12,90,BILBAO,"[[-0.3727678003, 39.4867544141], [-0.3725337487, 39.4874099424], [-0.3712315239, 39.4900807139]]","(0, 255, 0)"
227,B121,162,AMPARO ITURBI De J. Benlloch a J. Ramón Jiménez,"[[-0.3782963856, 39.454108901], [-0.3770522824, 39.4542685384], [-0.37458446430000003, 39.4552973892]]","(0, 255, 0)"
228,B123,150,PADRE ANTÓN MARTÍN De Avda. Naranjos a San Juan de Dios,"[[-0.3286711195, 39.4776854559], [-0.3286787393, 39.4752468797]]","(0, 255, 0)"
229,B15,210,CALIXTO III,"[[-0.3864473116, 39.4723220638], [-0.38804381130000004, 39.4716766756]]","(0, 255, 0)"
230,B16,216,CAMPOAMOR,"[[-0.3469799999, 39.4710371284], [-0.348810551, 39.4715433426]]","(0, 255, 0)"
231,B17,60,CANAL DE NAVARRÉS,"[[-0.4031283197, 39.4916421798], [-0.40092538380000003, 39.4926025421]]","(0, 255, 0)"
232,B18,1,CARRASQUETA,"[[-0.3957588211, 39.4936478421], [-0.3961839486, 39.4933626378]]","(0, 255, 0)"
233,B2,135,ACTOR MORA,"[[-0.3748502717, 39.4865121182], [-0.37802697150000003, 39.486242464]]","(0, 255, 0)"
234,B20,84,CASTIELFABIG,"[[-0.39666425600000005, 39.4797257988], [-0.3962917916, 39.4791642677]]","(0, 255, 0)"
235,B21,90,CAVITE,"[[-0.3266897409, 39.479251117], [-0.32667106230000004, 39.4764018152], [-0.32726833450000004, 39.4745668475]]","(0, 255, 0)"
236,B23,240,COETERS,"[[-0.4049422405, 39.458584486], [-0.4038619228, 39.4568069034]]","(0, 255, 0)"
237,B24,226,COFRENTES,"[[-0.3697723455, 39.4868637427], [-0.36531037590000004, 39.4856969832]]","(0, 255, 0)"
238,B26,416,CONDE SALVATIERRA,"[[-0.36856630570000004, 39.4702755314], [-0.36929564270000004, 39.4713038028]]","(0, 255, 0)"
239,B57,30,JACA,"[[-0.3693483182, 39.4843839394], [-0.37108297630000003, 39.4849189952]]","(0, 255, 0)"
240,A166,1008,NAVARRO REVERTER,"[[-0.3652115372, 39.4706732814], [-0.3682454015, 39.4719627449]]","(255, 165, 0)"
241,A167,360,NICASIO BENLLOCH,"[[-0.3904034309, 39.4882470327], [-0.3880373479, 39.4871786248]]","(0, 255, 0)"
242,A168,846,NICASIO BENLLOCH,"[[-0.40007543560000003, 39.4958158308], [-0.39846253260000003, 39.4935998615], [-0.3963372513, 39.4915158283]]","(255, 165, 0)"
243,A169,648,NICASIO BENLLOCH,"[[-0.3963372513, 39.4915158283], [-0.3952228676, 39.4904230035], [-0.3904034309, 39.4882470327]]","(255, 165, 0)"
244,A17,744,ALMASSORA,"[[-0.36839497800000004, 39.4879807779], [-0.3697723455, 39.4868637427], [-0.3738955033, 39.4807452324]]","(255, 165, 0)"
245,A170,2268,NUEVE DE OCTUBRE,"[[-0.40557020590000004, 39.4698198242], [-0.4051922653, 39.4710195433], [-0.4056095206, 39.4730414329]]","(255, 0, 0)"
246,A173,648,PASEO CIUDADELA,"[[-0.3668345369, 39.4726755588], [-0.3652115372, 39.4706732814]]","(255, 165, 0)"
247,A189,3888,PERIS Y VALERO,"[[-0.3834852721, 39.4577615712], [-0.3829963226, 39.4570762611], [-0.3829328413, 39.4569908243], [-0.38286556380000003, 39.4569071489], [-0.38279457920000004, 39.4568253359], [-0.3827199651, 39.456745486], [-0.3826418226, 39.4566676918], [-0.382560241, 39.4565920543], [-0.38247531, 39.4565186565], [-0.38238716570000003, 39.4564475916], [-0.3822958631, 39.456378942], [-0.3822015382, 39.4563128008], [-0.3821043162, 39.4562492338], [-0.3820042987, 39.4561883244], [-0.3819016103, 39.4561301566], [-0.38179637720000004, 39.4560747781], [-0.3816887239, 39.4560222728], [-0.3815787758, 39.4559727067], [-0.3814666825, 39.4559261191], [-0.3813525574, 39.4558825846], [-0.38123656110000004, 39.455842161], [-0.38111882020000004, 39.4558048781], [-0.38099947230000003, 39.455770784], [-0.38087867810000003, 39.4557399363], [-0.38075656480000003, 39.4557123471], [-0.38063329290000003, 39.4556880739], [-0.38050900120000003, 39.4556671378], [-0.38038385140000003, 39.4556495606], [-0.3802579936, 39.4556353726], [-0.3801315786, 39.4556245773], [-0.38000474500000003, 39.4556171957], [-0.3798776554, 39.4556132316], [-0.379750472, 39.4556126976], [-0.37962334610000004, 39.4556155881], [-0.37949641700000003, 39.4556219063], [-0.3793698595, 39.455631638], [-0.37924380160000004, 39.4556447772], [-0.3791184185, 39.4556613007], [-0.378993839, 39.4556811846], [-0.37887023750000004, 39.4557044235], [-0.3787477549, 39.4557309759], [-0.3786265321, 39.4557608087], [-0.3785067213, 39.4557938893], [-0.37838846340000004, 39.455830176], [-0.3782718995, 39.4558696268], [-0.3781571707, 39.4559121999], [-0.3780444301, 39.4559578357], [-0.37574658050000004, 39.4569276904]]","(255, 0, 0)"
248,A192,2682,"PIO BAROJA, AVENIDA","[[-0.40592998550000003, 39.4745942775], [-0.4065850798, 39.4777683863], [-0.4065878938, 39.477783692], [-0.4065900196, 39.4777990635], [-0.4065914693, 39.4778144829], [-0.4065922437, 39.4778299323], [-0.4065923201, 39.4778453932], [-0.40659172260000004, 39.477860848], [-0.4065904285, 39.4778762783], [-0.4065884617, 39.4778916665], [-0.4065858116, 39.4779069854], [-0.40658247820000004, 39.4779222351], [-0.4065784746, 39.4779373796], [-0.4065738125, 39.4779524104], [-0.4065684694, 39.4779673089], [-0.4065624813, 39.4779820489], [-0.40655584840000003, 39.4779966212], [-0.4065485595, 39.4780110168], [-0.40654065030000003, 39.4780252094], [-0.4065321101, 39.4780391807], [-0.4065229506, 39.4780529219], [-0.40651319620000004, 39.4780664067], [-0.4065028471, 39.4780796259], [-0.40649191570000004, 39.4780925618], [-0.4064804259, 39.478105197], [-0.4064683779, 39.4781175225], [-0.4064557961, 39.4781295117], [-0.40644268040000003, 39.4781411647], [-0.40642906630000003, 39.4781524642], [-0.4064149546, 39.4781633923], [-0.4064003687, 39.4781739404], [-0.406385321, 39.4781840908], [-0.40636983460000003, 39.4781938441], [-0.4063539223, 39.4782031734], [-0.40633760750000003, 39.4782120704], [-0.4063209139, 39.4782205264], [-0.40630384140000003, 39.4782285416], [-0.4062864376, 39.4782360899], [-0.40626870200000004, 39.4782431804], [-0.4062506705, 39.4782497868], [-0.4062323547, 39.4782559094], [-0.4062137779, 39.4782615487], [-0.4061949527, 39.478266678], [-0.40617592480000003, 39.4782713162], [-0.4061566954, 39.4782754364], [-0.40593700200000005, 39.4783194234]]","(255, 0, 0)"
249,A196,1025,"PLATA, AVENIDA DE LA","[[-0.36325861540000004, 39.4566818262], [-0.36674740780000004, 39.4552097808]]","(255, 165, 0)"
250,B42,210,FINLANDIA,"[[-0.35957445050000003, 39.4719999834], [-0.3587949092, 39.4715498925], [-0.35799372490000003, 39.4713460637]]","(0, 255, 0)"
251,A197,777,"PLATA, AVENIDA DE LA","[[-0.36674740780000004, 39.4552097808], [-0.3727586337, 39.4526730245]]","(255, 165, 0)"
252,A244,1860,"TORRE, VARIANTE DE LA","[[-0.399393343, 39.4339552779], [-0.3950194709, 39.4407906794], [-0.3949727364, 39.4408606218], [-0.39492285530000004, 39.4409292595], [-0.39486991260000004, 39.4409964952], [-0.3948139807, 39.4410622585], [-0.3947550979, 39.4411264512], [-0.39469337120000003, 39.4411890125], [-0.3946288497, 39.4412498716], [-0.3945616299, 39.4413089314], [-0.3944917839, 39.4413661305], [-0.3944193835, 39.4414214075], [-0.3943445477, 39.441474693], [-0.3942673607, 39.4415259077], [-0.3941878942, 39.4415749992], [-0.3941062785, 39.4416218984], [-0.3940225737, 39.4416665525], [-0.39393692080000003, 39.4417089197], [-0.3938494038, 39.4417489297], [-0.3937601401, 39.4417865492], [-0.3936692365, 39.4418217175], [-0.39357678690000003, 39.4418544096], [-0.3934829218, 39.4418845565], [-0.3933877578, 39.4419121426], [-0.3932914125, 39.4419371347], [-0.3931939916, 39.441959499], [-0.39309562400000003, 39.4419792114], [-0.39299642690000003, 39.4419962384], [-0.39289652890000004, 39.4420105651], [-0.3927960353, 39.4420221666], [-0.392695086, 39.4420310372], [-0.389131734, 39.4422952883], [-0.3890661402, 39.44230104], [-0.3890008297, 39.4423085367], [-0.388935907, 39.4423177809], [-0.3888714196, 39.4423287464], [-0.3888074607, 39.4423414264], [-0.3887441122, 39.4423558048], [-0.3886814324, 39.4423718738], [-0.3886194925, 39.442389599], [-0.3885583855, 39.4424089735], [-0.38849818210000003, 39.4424299719], [-0.3884389418, 39.4424525593], [-0.3883807352, 39.4424767105], [-0.38832364420000004, 39.4425024093], [-0.38826772860000003, 39.4425296118], [-0.3882130586, 39.4425583018], [-0.3881596943, 39.4425884264], [-0.3881076833, 39.4426199598], [-0.38805710800000004, 39.4426528677], [-0.3880080399, 39.4426871068], [-0.38796051530000003, 39.4427226328], [-0.3879145945, 39.4427593929], [-0.3878703361, 39.4427973706], [-0.3878277885, 39.4428365128], [-0.3877870003, 39.4428767665], [-0.38774803150000003, 39.4429180792], [-0.38771091820000003, 39.4429604155], [-0.3876757093, 39.4430037134], [-0.3876424536, 39.4430479112], [-0.3876111632, 39.4430929909], [-0.38758189940000004, 39.4431388728], [-0.38755469870000003, 39.4431855129], [-0.3875295865, 39.4432328485], [-0.3875065882, 39.4432808262], [-0.387485729, 39.4433293925], [-0.38746704600000004, 39.4433784852]]","(255, 165, 0)"
253,A245,3267,TRES CRUCES,"[[-0.40567216440000003, 39.4635758106], [-0.4061569739, 39.4679569844], [-0.40557020590000004, 39.4698198242]]","(255, 0, 0)"
254,A246,2821,TRES CRUCES,"[[-0.40567216440000003, 39.4635758106], [-0.4023572389, 39.4581180157]]","(255, 0, 0)"
255,A247,1,TRES FORQUES,"[[-0.40567216440000003, 39.4635758106], [-0.39602298700000005, 39.4639654864]]","(0, 255, 0)"
256,A248,1,TRES FORQUES,"[[-0.39602298700000005, 39.4639654864], [-0.38813882380000003, 39.4642832755]]","(0, 255, 0)"
257,A25,1396,ARCHIDUQUE CARLOS,"[[-0.4023572389, 39.4581180157], [-0.3973058545, 39.4627813099]]","(255, 165, 0)"
258,A250,837,VALLE DE LA BALLESTERA,"[[-0.40593700200000005, 39.4783194234], [-0.4046965943, 39.4785677307], [-0.3997565051, 39.4783992249], [-0.3985760518, 39.4789056494]]","(255, 165, 0)"
259,A251,1119,VALLE DE LA BALLESTERA,"[[-0.3985760518, 39.4789056494], [-0.3941407723, 39.4808082757], [-0.3929441698, 39.4814242683]]","(255, 165, 0)"
260,A256,1908,BLANQUERIAS,"[[-0.3758655193, 39.479503949], [-0.3787368646, 39.4810278721], [-0.3802304232, 39.4813413757]]","(255, 165, 0)"
261,A281,1224,PUENTE DE ASTILLEROS,"[[-0.33241364100000004, 39.4524047508], [-0.32980853460000004, 39.4553236807]]","(255, 165, 0)"
262,A349,360,MAESTRO GUERRERO,"[[-0.3942433598, 39.4728364516], [-0.39157939340000003, 39.4740005258], [-0.38805506900000003, 39.4745748015]]","(0, 255, 0)"
263,A35,324,AVENIDA BURJASSOT,"[[-0.3938685442, 39.4929091615], [-0.389510909, 39.4886268672]]","(0, 255, 0)"
264,A350,324,AYORA,"[[-0.3939415687, 39.4640494322], [-0.3914504238, 39.467278152]]","(0, 255, 0)"
265,A351,84,AVDA. MEDITERRANEO,"[[-0.3282616414, 39.4676309782], [-0.3251811468, 39.467415777]]","(0, 255, 0)"
266,A353,356,SAN VICENTE,"[[-0.3797992995, 39.4682360543], [-0.3768526045, 39.4721780708]]","(0, 255, 0)"
267,A355,2034,MENÉNDEZ PIDAL,"[[-0.39115091150000003, 39.4789121501], [-0.3894589034, 39.4794141483], [-0.3894218641, 39.4794257033], [-0.38938535760000004, 39.4794382432], [-0.3893494313, 39.4794517421], [-0.38931412, 39.4794662007], [-0.3817675696, 39.4826840875]]","(255, 0, 0)"
268,A357,2304,AUTOPISTA DEL SALER (PASO INFERIOR Y LATERAL),"[[-0.3562132804, 39.4564303334], [-0.3522608242, 39.4531945878]]","(255, 0, 0)"
269,A359,209,JOSE Mª HARO,"[[-0.3393899446, 39.4670999625], [-0.3374970426, 39.4709916112]]","(0, 255, 0)"
270,A36,1,AVENIDA BURJASSOT,"[[-0.3880373479, 39.4871786248], [-0.38518914860000003, 39.4850671751], [-0.3817675696, 39.4826840875]]","(0, 255, 0)"
271,A375,1,BULEVAR SUR,"[[-0.3947350295, 39.4498398327], [-0.3919135896, 39.4477122688], [-0.3864004317, 39.4463699911]]","(0, 255, 0)"
272,A376,3348,RONDA NORTE,"[[-0.3576014919, 39.4942708431], [-0.3529146251, 39.4881212787], [-0.3513195458, 39.4822649208]]","(255, 0, 0)"
273,A377,1980,MAESTRO RODRIGO,"[[-0.4051812135, 39.4879905999], [-0.40917800130000004, 39.4933984262]]","(255, 165, 0)"
274,A378,1110,LA SAFOR,"[[-0.4051812135, 39.4879905999], [-0.3992872712, 39.4902514734]]","(255, 165, 0)"
275,A379,612,PLAZA TETUAN,"[[-0.3682454015, 39.4719627449], [-0.36975805770000003, 39.4739013767]]","(255, 165, 0)"
276,A38,288,AVENIDA BURJASSOT,"[[-0.3989751613, 39.4979266418], [-0.3938685442, 39.4929091615]]","(0, 255, 0)"
277,A382,1548,PIO BAROJA,"[[-0.40721256180000004, 39.4811319968], [-0.4051812135, 39.4879905999]]","(255, 165, 0)"
278,A384,1,TOMÁS DE MONTAÑANA,"[[-0.353544899, 39.4599674388], [-0.35260072070000004, 39.4622763606]]","(0, 255, 0)"
279,A387,1830,TRES CRUCES,"[[-0.4023572389, 39.4581180157], [-0.3995723855, 39.4535322706]]","(255, 165, 0)"
280,A52,1404,BLASCO IBAÑEZ,"[[-0.3345175973, 39.4701209731], [-0.3374970426, 39.4709916112]]","(255, 165, 0)"
281,A90,333,DOCTOR LLUCH,"[[-0.3276572517, 39.4718514004], [-0.32726833450000004, 39.4745668475]]","(0, 255, 0)"
282,A91,2074,DOCTOR MANUEL CANDELA,"[[-0.35128015, 39.4655053912], [-0.34942850870000003, 39.4700326076]]","(255, 0, 0)"
283,A92,1743,DOCTOR MANUEL CANDELA,"[[-0.34942850870000003, 39.4700326076], [-0.3478044521, 39.4740028283]]","(255, 165, 0)"
284,A93,544,DOCTOR MARCOS SOPENA,"[[-0.3296835905, 39.4624936272], [-0.32501813430000004, 39.4624498083]]","(255, 165, 0)"
285,A98,570,DOLORES MARQUES,"[[-0.3638111885, 39.4845869293], [-0.35973519400000004, 39.4928679127]]","(255, 165, 0)"
286,B1,72,ACACIAS,"[[-0.38770712220000003, 39.4920605956], [-0.3888598238, 39.48990636]]","(0, 255, 0)"
287,A99,2214,EDUARDO BOSCA,"[[-0.3579973983, 39.4640334365], [-0.3565358155, 39.4670403553]]","(255, 0, 0)"
288,B10,144,BARÓN DE SAN PETRILLO,"[[-0.3600955073, 39.488469632], [-0.3602390903, 39.4879301707], [-0.3602350881, 39.4872846746], [-0.3602240845, 39.486323668], [-0.3603900926, 39.4854352932], [-0.3608469924, 39.4843748995]]","(0, 255, 0)"
289,B100,396,SERPIS,"[[-0.3470811214, 39.4756381709], [-0.3416651242, 39.4740012277]]","(0, 255, 0)"
290,B103,251,TAMARINDOS,"[[-0.4014831009, 39.475467277], [-0.4025075389, 39.4784930914]]","(0, 255, 0)"
291,B104,180,TENERIFE,"[[-0.40037822430000003, 39.4662264609], [-0.4008688876, 39.4645455578], [-0.400855365, 39.4637704322]]","(0, 255, 0)"
292,B105,131,TORRES,"[[-0.39905550970000003, 39.4720447945], [-0.39890223680000003, 39.4737396176]]","(0, 255, 0)"
293,B106,126,VICENTE GALLART,"[[-0.3292501425, 39.4655212694], [-0.3285714368, 39.4654673734]]","(0, 255, 0)"
294,B108,60,VICENTE LA RODA,"[[-0.3266897409, 39.479251117], [-0.3257945233, 39.4791391878]]","(0, 255, 0)"
295,B109,150,VIRGEN DE LA CABEZA,"[[-0.3994860477, 39.4638257263], [-0.399357238, 39.4621105972], [-0.398677033, 39.4615155743]]","(0, 255, 0)"
296,B11,108,BENICADELL,"[[-0.3947459647, 39.4902077039], [-0.39425889470000003, 39.4908909461], [-0.393877203, 39.4911502895], [-0.3930894352, 39.4921435761]]","(0, 255, 0)"
297,B110,84,VIRGEN DEL SUFRAGIO,"[[-0.32835500700000003, 39.4669789104], [-0.3271051446, 39.4668624697]]","(0, 255, 0)"
298,A198,2106,PRIMADO REIG,"[[-0.36839497800000004, 39.4879807779], [-0.36279171260000004, 39.4838320595]]","(255, 0, 0)"
299,A199,1,PRIMADO REIG,"[[-0.3739144, 39.4920667065], [-0.36839497800000004, 39.4879807779]]","(0, 255, 0)"
300,A20,574,"ANTIC REGNE, AVENIDA","[[-0.3643653941, 39.4629527452], [-0.373657746, 39.464985701]]","(255, 165, 0)"
301,A200,1923,PRIMADO REIG,"[[-0.3595562397, 39.4814361257], [-0.3548006278, 39.4779140535]]","(255, 165, 0)"
302,A201,1980,PRIMADO REIG,"[[-0.36279171260000004, 39.4838320595], [-0.3595562397, 39.4814361257]]","(255, 165, 0)"
303,A204,1080,"PUERTO, AVENIDA DEL","[[-0.36126011680000003, 39.4689419466], [-0.35964990680000003, 39.4679497044], [-0.3565358155, 39.4670403553]]","(255, 165, 0)"
304,A241,1314,TOMAS DE MONTAÑANA,"[[-0.35260072070000004, 39.4622763606], [-0.35128015, 39.4655053912]]","(255, 165, 0)"
305,A243,60,TOMAS DE VILLARROYA,"[[-0.3858630946, 39.4478769685], [-0.3919135896, 39.4477122688]]","(0, 255, 0)"
306,A257,1,ACCESO MISLATA (SALIDA),"[[-0.4056095206, 39.4730414329], [-0.4056282794, 39.4730396175], [-0.4056471021, 39.473038272], [-0.4056659886, 39.4730373964], [-0.4073643474, 39.4729805619], [-0.407383123, 39.47298017], [-0.40740191600000003, 39.4729802469], [-0.407420691, 39.4729808099], [-0.40743942580000003, 39.4729818314], [-0.4074581202, 39.4729833115], [-0.4074767389, 39.4729852674], [-0.40749525880000004, 39.4729876895], [-0.4122166115, 39.4736656666]]","(0, 255, 0)"
307,A283,1080,JUAN VERDAGUER,"[[-0.3371723574, 39.4586796261], [-0.33435364030000003, 39.458917369], [-0.3323399957, 39.4594554004]]","(255, 165, 0)"
308,A287,1830,ACCESO BARCELONA (PASO INFERIOR) [Entre V-21 y Av. Cataluña],"[[-0.3492140433, 39.4828284492], [-0.3503654852, 39.482050608], [-0.3528306565, 39.4806230882], [-0.3529333396, 39.4805615283], [-0.3530332975, 39.4804973387], [-0.35313043400000005, 39.4804305984], [-0.3532246422, 39.4803613679], [-0.35331580230000004, 39.4802897436], [-0.3534038185, 39.4802157955], [-0.353488595, 39.4801396024], [-0.353570035, 39.4800612613], [-0.3536480537, 39.4799808602], [-0.3537225556, 39.4798984692], [-0.3537934666, 39.4798142036], [-0.3538606909, 39.4797281333], [-0.3539241658, 39.479640383], [-0.3539838188, 39.4795510232], [-0.35403957550000004, 39.4794601783], [-0.35409138630000003, 39.4793679283], [-0.35413918850000004, 39.4792743978], [-0.3548006278, 39.4779140535]]","(255, 165, 0)"
309,A347,295,CASTÁN TOBEÑAS,"[[-0.4016374829, 39.4728777182], [-0.4012814659, 39.4729370354], [-0.4003930106, 39.473415001], [-0.3986343021, 39.4737979522], [-0.39649768280000003, 39.4740566472], [-0.39524940270000003, 39.4742458051]]","(0, 255, 0)"
310,A39,403,AVENIDA BURJASSOT,"[[-0.389510909, 39.4886268672], [-0.3880373479, 39.4871786248]]","(0, 255, 0)"
311,A408,1,ANTONIO FERRANDIS (entre Ausias March y General Urrutia),"[[-0.3688854723, 39.4461937452], [-0.3588177966, 39.450414499]]","(0, 255, 0)"
312,A415,335,SANTOS JUSTO Y PASTOR Entre Jose Mª Haro y Serrería,"[[-0.3393899446, 39.4670999625], [-0.3353966366, 39.4659793997]]","(0, 255, 0)"
313,A416,1235,AV. NARANJOS Entre Luis Peixó y Paseo Marítimo,"[[-0.33334878230000003, 39.4763836862], [-0.32726833450000004, 39.4745668475], [-0.3247986959, 39.4745520627]]","(255, 165, 0)"
314,A43,1,BARCAS-PINTOR SOROLLA,"[[-0.3699754914, 39.472245168], [-0.3704392789, 39.4713274971], [-0.3721362803, 39.4714422965], [-0.3740958466, 39.4704350044], [-0.3759574397, 39.4703653361]]","(0, 255, 0)"
315,A44,360,"BARÓN DE CARCER, AVDA.","[[-0.3796618399, 39.4707968332], [-0.3797622631, 39.4739174034], [-0.37850581980000003, 39.4740600896]]","(0, 255, 0)"
316,A45,108,"BARON DE CARCER, AVDA.","[[-0.3796618399, 39.4707968332], [-0.37958849450000004, 39.4685180784]]","(0, 255, 0)"
317,A46,2232,BLANQUERIAS,"[[-0.3829174152, 39.4804224864], [-0.3802304232, 39.4813413757]]","(255, 0, 0)"
318,A47,1077,BLASCO IBAÑEZ,"[[-0.3524861392, 39.4753701623], [-0.3555959265, 39.4762782994]]","(255, 165, 0)"
319,A48,2430,BLASCO IBAÑEZ,"[[-0.36191286770000003, 39.4781226525], [-0.3663542562, 39.4794191583]]","(255, 0, 0)"
320,A49,2574,BLASCO IBAÑEZ,"[[-0.3478044521, 39.4740028283], [-0.3524861392, 39.4753701623]]","(255, 0, 0)"
321,A5,3930,ACCESO BARCELONA [Entre Primado Reig y Blasco Ibáñez],"[[-0.3555959265, 39.4762782994], [-0.3548006278, 39.4779140535]]","(255, 0, 0)"
322,A50,1782,BLASCO IBAÑEZ,"[[-0.3374970426, 39.4709916112], [-0.3478044521, 39.4740028283]]","(255, 165, 0)"
323,A51,2340,BLASCO IBAÑEZ,"[[-0.3555959265, 39.4762782994], [-0.36191286770000003, 39.4781226525]]","(255, 0, 0)"
324,B111,3240,ANTONIO FERRANDIS,"[[-0.3522608242, 39.4531945878], [-0.3588177966, 39.450414499]]","(255, 0, 0)"
325,B114,21,PINTOR FERRANDIS,"[[-0.325604581, 39.471847456], [-0.32477523350000004, 39.4718457261]]","(0, 255, 0)"
326,B27,30,CONVENTO CARMELITAS,"[[-0.3700271772, 39.4830772148], [-0.3719510982, 39.4836307748]]","(0, 255, 0)"
327,B30,1,CURA PLANELLES,"[[-0.3285798206, 39.4702026914], [-0.3279048731, 39.4701223197]]","(0, 255, 0)"
328,B36,1,ENGUERA,"[[-0.39510513140000003, 39.4669346863], [-0.3939415687, 39.4640494322]]","(0, 255, 0)"
329,B58,324,JAIME ESTEVE,"[[-0.35894512100000003, 39.4825557467], [-0.3584872356, 39.4836654155]]","(0, 255, 0)"
330,B60,72,JOAQUÍN COSTA,"[[-0.365680889, 39.4639846914], [-0.3650094196, 39.4630936704]]","(0, 255, 0)"
331,B61,108,JOSÉ AGUIRRE,"[[-0.33557186, 39.4620016949], [-0.336429462, 39.4621316749]]","(0, 255, 0)"
332,B45,130,FRAY PEDRO VIVES,"[[-0.3748502717, 39.4865121182], [-0.3727678003, 39.4867544141], [-0.3727184189, 39.4867594866], [-0.3726688312, 39.4867632482], [-0.3726191193, 39.4867656736], [-0.3725693291, 39.4867667819], [-0.3725195075, 39.4867665652], [-0.372469736, 39.4867650164], [-0.37242006120000004, 39.4867621364], [-0.3723705404, 39.4867579446], [-0.3723212321, 39.4867524333], [-0.3722721943, 39.4867456037], [-0.3722234958, 39.4867374846], [-0.37217519530000004, 39.4867280592], [-0.3721273263, 39.4867173643], [-0.3720799704, 39.4867053927], [-0.3720331615, 39.4866921722], [-0.3719869809, 39.4866777047], [-0.37194146240000003, 39.4866620179], [-0.3718966635, 39.4866451312], [-0.3718526535, 39.4866270552], [-0.37180945460000003, 39.4866078174], [-0.37176714710000003, 39.4865874465], [-0.3717257652, 39.4865659615], [-0.37168536620000003, 39.4865433816], [-0.3716459841, 39.4865197347], [-0.3716076756, 39.486495058], [-0.371570498, 39.4864693708], [-0.3715344732, 39.4864427098], [-0.371511861, 39.4864247933], [-0.3714900622, 39.4864062737], [-0.3714690982, 39.4863871963], [-0.371449004, 39.4863675621], [-0.37142977800000004, 39.486347407], [-0.37141146620000004, 39.48632675], [-0.3713940908, 39.4863056188], [-0.3713776506, 39.4862840402], [-0.3713036772, 39.4861790362], [-0.3712341315, 39.4860722314], [-0.371169091, 39.4859637358], [-0.371108621, 39.4858536589], [-0.3710527984, 39.4857421286], [-0.3710016537, 39.4856292537], [-0.37095525220000003, 39.4855151528], [-0.37091364730000004, 39.4853999532], [-0.37087688100000005, 39.485283773], [-0.37086588540000004, 39.4852411289]]","(0, 255, 0)"
333,B63,126,JOSÉ GROLLO,"[[-0.3902938535, 39.49058793], [-0.3897377542, 39.4903060671], [-0.3885029343, 39.4893009035], [-0.3882200766, 39.4891560089], [-0.3879481269, 39.488971648]]","(0, 255, 0)"
334,B64,150,JOSÉ MAESTRE,"[[-0.4038689153, 39.4659747589], [-0.403539684, 39.4636619962]]","(0, 255, 0)"
335,B65,1,JUAN GINER,"[[-0.35937184920000004, 39.484622117], [-0.35966749670000003, 39.4840085013]]","(0, 255, 0)"
336,B68,36,LLOMBAY,"[[-0.4037866668, 39.4653969593], [-0.4059156054, 39.4657757363]]","(0, 255, 0)"
337,B69,216,MARVÀ,"[[-0.3837860442, 39.4636811186], [-0.38515614000000004, 39.46416416]]","(0, 255, 0)"
338,B7,240,ANDREU ALABARTA,"[[-0.40416260730000003, 39.4503324772], [-0.406949526, 39.4543160819]]","(0, 255, 0)"
339,B72,60,MINISTRO LUIS MAYANS,"[[-0.371281521, 39.4871611215], [-0.3721717872, 39.4852155895]]","(0, 255, 0)"
340,B73,216,MÚSICO AYLLON,"[[-0.4047480775, 39.4670108806], [-0.4060798082, 39.4672596624]]","(0, 255, 0)"
341,B74,317,MÚSICO GINÉS,"[[-0.3436817, 39.4690645208], [-0.3421418182, 39.4723486757]]","(0, 255, 0)"
342,B75,252,OLTA,"[[-0.37472196750000003, 39.4529789958], [-0.37588375560000004, 39.4525564312], [-0.3786657594, 39.4527427747]]","(0, 255, 0)"
343,A140,900,JESUS,"[[-0.3826743034, 39.4670347962], [-0.3812294745, 39.4687058307]]","(255, 165, 0)"
344,B77,144,PADRE PORTA,"[[-0.3355365146, 39.4601428836], [-0.33537103970000004, 39.4608572494]]","(0, 255, 0)"
345,B79,216,PEDRO III,"[[-0.367810446, 39.4630889844], [-0.3668400617, 39.463494235]]","(0, 255, 0)"
346,B80,21,TRAVESÍA PESCADORES,"[[-0.3279765416, 39.4696219021], [-0.3255122568, 39.4693751567], [-0.32475375970000003, 39.4693718865]]","(0, 255, 0)"
347,B81,54,PINTOR GENARO LAHUERTA,"[[-0.3675767458, 39.4849100021], [-0.3667085097, 39.4867321714]]","(0, 255, 0)"
348,B82,144,PINTOR SALVADOR ABRIL,"[[-0.3689258145, 39.4610286416], [-0.3682522205, 39.4600902765]]","(0, 255, 0)"
349,B83,240,PINTOR VILAR,"[[-0.3705233797, 39.4821220731], [-0.37267619090000004, 39.4825547494]]","(0, 255, 0)"
350,B84,570,PLATERO SUÁREZ,"[[-0.3746093111, 39.4852913273], [-0.3709095398, 39.4851763616]]","(255, 165, 0)"
351,B86,81,POETA MAS Y ROS,"[[-0.3508295972, 39.4711450667], [-0.3466978631, 39.4699533299]]","(0, 255, 0)"
352,B87,30,POETA MONMENEU,"[[-0.3749621004, 39.482774065], [-0.3772554853, 39.4827803656]]","(0, 255, 0)"
353,B88,60,PROGRESO,"[[-0.3291630139, 39.4742821141], [-0.3291149843, 39.4751034708]]","(0, 255, 0)"
354,B89,30,POBLA DEL DUC,"[[-0.3753569277, 39.4879961288], [-0.3763065481, 39.4863885178]]","(0, 255, 0)"
355,B9,90,ARTES GRÁFICAS,"[[-0.3588104512, 39.475661019], [-0.3640080418, 39.4771789005]]","(0, 255, 0)"
356,B90,36,POBLA LLARGA,"[[-0.35966749670000003, 39.4840085013], [-0.36020104340000003, 39.4828421068]]","(0, 255, 0)"
357,B91,144,RAMÓN ASENSIO,"[[-0.35951818700000004, 39.4814079465], [-0.3582939329, 39.4824151101], [-0.3577679814, 39.4834563295]]","(0, 255, 0)"
358,B92,270,RAMÓN DUART,"[[-0.36705868620000004, 39.4550784308], [-0.3653267821, 39.4525853562]]","(0, 255, 0)"
359,B93,180,REINA DOÑA GERMANA,"[[-0.365680889, 39.4639846914], [-0.36457032770000003, 39.4644446807]]","(0, 255, 0)"
360,B94,47,RIO TAJO,"[[-0.3299170216, 39.4765429567], [-0.3257715869, 39.476498124]]","(0, 255, 0)"
361,B95,1,RODRÍGUEZ DE CEPEDA,"[[-0.3520850782, 39.4683304517], [-0.35033801330000003, 39.4678089775]]","(0, 255, 0)"
362,B97,126,SAGASTA,"[[-0.373892025, 39.4698533043], [-0.37339015270000003, 39.469792107399996], [-0.3724234476, 39.4697770555]]","(0, 255, 0)"
363,A111,2664,GENERAL AVILES,"[[-0.389510909, 39.4886268672], [-0.3960877914, 39.4858276211]]","(255, 0, 0)"
364,A112,2640,GENERAL ELIO,"[[-0.3679919262, 39.477154079499996], [-0.3672955133, 39.4775062223], [-0.3663542562, 39.4794191583]]","(255, 0, 0)"
365,A114,467,GENERAL URRUTIA,"[[-0.36325861540000004, 39.4566818262], [-0.361491387, 39.4542036419]]","(0, 255, 0)"
366,A115,769,GENERAL URRUTIA,"[[-0.3662823014, 39.460921441400004], [-0.36325861540000004, 39.4566818262]]","(255, 165, 0)"
367,A116,1,GIORGETA,"[[-0.3834852721, 39.4577615712], [-0.3867434936, 39.4623279576]]","(0, 255, 0)"
368,A16,216,ALICANTE,"[[-0.37800771440000003, 39.4631760933], [-0.3764960526, 39.467413863]]","(0, 255, 0)"
369,A161,2664,MENORCA,"[[-0.3422657354, 39.4595503847], [-0.3410624765, 39.4603185152], [-0.3393044803, 39.4612074436], [-0.3386060835, 39.4618302449]]","(255, 0, 0)"
370,A163,554,MESTRE RACIONAL,"[[-0.3612778887, 39.4642552437], [-0.3637153078, 39.4632270022]]","(255, 165, 0)"
371,A164,120,MICER MASCO,"[[-0.36715123390000004, 39.4767767019], [-0.3593686747, 39.4745127994]]","(0, 255, 0)"
372,A165,2280,"NARANJOS, AVENIDA DE LOS","[[-0.3452837016, 39.4798705196], [-0.3502899678, 39.4813326636]]","(255, 0, 0)"
373,A208,1,QUART - S.J. MONTAÑA,"[[-0.39524940270000003, 39.4742458051], [-0.3920171354, 39.4745470777], [-0.3917852817, 39.4744627227], [-0.3883635707, 39.475007041]]","(0, 255, 0)"
374,A209,300,QUART,"[[-0.3883635707, 39.475007041], [-0.3841499862, 39.4756771706]]","(0, 255, 0)"
375,A21,540,"ANTIC REGNE, AVENIDA","[[-0.36245726380000004, 39.4625351945], [-0.3643653941, 39.4629527452]]","(255, 165, 0)"
376,A253,180,YECLA,"[[-0.3543783854, 39.4714782665], [-0.3479980478, 39.4735014501]]","(0, 255, 0)"
377,A252,1476,XATIVA,"[[-0.3797992995, 39.4682360543], [-0.3754581878, 39.4671555062], [-0.37542914180000003, 39.4671487153], [-0.3753998108, 39.4671427016], [-0.375370229, 39.4671374841], [-0.375340443, 39.4671330637], [-0.3753104635, 39.4671294588], [-0.3752803375, 39.4671266613], [-0.375250111, 39.4671246814], [-0.3752198077, 39.4671235105], [-0.37518948480000003, 39.4671231679], [-0.3751591546, 39.467123636], [-0.3751288634, 39.4671249248], [-0.3750986462, 39.467127026], [-0.3750685375, 39.4671299494], [-0.3750385846, 39.4671336782], [-0.37500882220000004, 39.467138213], [-0.3749792738, 39.4671435454], [-0.374949986, 39.4671496765]]","(255, 165, 0)"
378,A254,828,ZAPADORES,"[[-0.3693274104, 39.4596365941], [-0.36674740780000004, 39.4552097808]]","(255, 165, 0)"
379,A297,1,ACCESO BARCELONA RAMAL DE SALIDA [De Paso Inferior a V-21],"[[-0.3492140433, 39.4828284492], [-0.3508255119, 39.4805881304], [-0.35117656740000003, 39.4785606331]]","(0, 255, 0)"
380,A299,1248,CAMP DEL TURIA,"[[-0.4024722298, 39.494768561], [-0.40007543560000003, 39.4958158308]]","(255, 165, 0)"
381,A385,126,CAMPOS CRESPO,"[[-0.3995723855, 39.4535322706], [-0.3971420439, 39.4555949654], [-0.3970874173, 39.4556397682], [-0.39703083510000003, 39.4556830948], [-0.3969723808, 39.4557248929], [-0.3969121143, 39.45576511], [-0.3968501068, 39.4558037114], [-0.3967864413, 39.4558406451], [-0.39672116620000003, 39.455875867], [-0.3966543876, 39.4559093345], [-0.39658616480000003, 39.455941013], [-0.3965165693, 39.4559708588], [-0.3964457065, 39.4559988475], [-0.39637365950000003, 39.4560249357], [-0.3963004988, 39.456049098], [-0.3962263071, 39.4560713004], [-0.3961511897, 39.456091527], [-0.3960752174, 39.4561097434], [-0.39599848390000003, 39.4561259338], [-0.3959210828, 39.4561400822], [-0.39584309630000003, 39.4561521634], [-0.3957646293, 39.4561621707], [-0.3956857634, 39.456170097], [-0.3956065925, 39.4561759174], [-0.3903182981, 39.4564941684]]","(0, 255, 0)"
382,A386,252,SUECA,"[[-0.37276954360000003, 39.4581840775], [-0.3766575036, 39.4637198263]]","(0, 255, 0)"
383,A66,252,CARRERA DE SAN LUIS,"[[-0.3714516625, 39.4587402202], [-0.3716121482, 39.4580209292], [-0.37171282450000004, 39.4570064812], [-0.3715646748, 39.4559621901], [-0.3715441008, 39.4548481549], [-0.3715463151, 39.4531294411], [-0.36739417150000003, 39.4468190435]]","(0, 255, 0)"
384,A68,451,"CENTELLES, LOS","[[-0.3734318815, 39.4591271896], [-0.3764089373, 39.4578707774]]","(0, 255, 0)"
385,A69,1,"CID, AVENIDA","[[-0.3901029326, 39.4670354974], [-0.3925212292, 39.4674709627]]","(0, 255, 0)"
386,A7,1698,"ALAMEDA, PASEO DE","[[-0.36126011680000003, 39.4689419466], [-0.3584211087, 39.4637869036]]","(255, 165, 0)"
387,B124,300,MENDIZÁBAL De Álvaro López a Fausto Elio,"[[-0.3311260735, 39.4842154605], [-0.3301822553, 39.4840744672]]","(0, 255, 0)"
388,B125,72,CUARTELL De Florista a Alquería de Bellver,"[[-0.3981902735, 39.4950213896], [-0.3975721336, 39.4954275816]]","(0, 255, 0)"
389,B126,72,SIERRA AGULLENT De Florista a Av. Burjasot,"[[-0.3967632495, 39.4946195977], [-0.3960895197, 39.4950471123]]","(0, 255, 0)"
390,B13,216,BORRULL,"[[-0.3867817643, 39.4745926247], [-0.38805506900000003, 39.4745748015]]","(0, 255, 0)"
391,B14,162,BURRIANA,"[[-0.3654247691, 39.465661511], [-0.3693208457, 39.464036991]]","(0, 255, 0)"
